appetitious,1600
hud,708
demirevetment,167
enablement,306
peridiole,583
photoscope,4275
cenobian,226
helicoidal,353
paleozoological,182
claiver,153
machogo,868
anergia,474
unhelpable,261
underdepth,160
doigt,214
misplant,349
ananepionic,682
picea,140
lychnic,167
totemite,1148
boughy,188
librarian,162
antilemic,212
amplifier,548
towned,929
adjudger,155
marrow,262
unforbiddenness,203
biquadrate,144
velvetseed,171
pote,164
windbagged,202
disgavel,252
vacational,270
vortex,149
hyotherium,239
shedded,200
dragoman,28105
semiallegiance,440
fraternity,270
smoochy,369
nonseparation,1328
blissless,205
coeducation,179
diplozoon,878
recureful,667
hypocrital,296
steelhearted,650
unsystematic,743
furcraea,467
blennogenous,3858
blastogranitic,1460
poltophagy,1219
whyever,250
ismatic,196
palaestra,301
werchowinci,707
illegibility,711
arteriosclerotic,1638
bota,280
dough,427
xaverian,209
companionable,131
infectress,310
ablatival,786
ingrateful,135
tibouchina,311
myology,257
incapsulation,235
chickadee,198
swarajism,153
distributor,528
obduction,315
unavailing,208
overchidden,645
ultraliberal,441
mycologic,214
koku,152
centistere,158
departmentalization,178
heedlessly,154
thanatotic,14898
bemaddening,233
unaccessibleness,6815
catamited,397
einkorn,1590
sapientize,1841
smachrie,6227
vinegar,1030
caprificator,359
autarchoglossa,202
boomdas,1867
placodus,604
reki,167
osela,176
sanderling,427
suzerainship,379
moonfall,773
medize,237
balsamina,248
carinate,255
serpiginous,293
uniserial,664
clockless,156
pennyrot,415
tavolatite,204
procollectivistic,225
amusable,316
pyrolysis,265
lex,168
nozzler,381
cormous,178
unquestionedness,134
comminuate,306
brob,129
apotype,231
reservationist,414
pseudoreduction,268
hornpipe,133
prefabricate,237
upraiser,160
anspessade,311
colossochelys,208
greenland,164
pseudoconglomeration,181
colyum,291
unspattered,440
quintette,168
glottiscope,249
lezghian,302
unregenerate,437
acerbic,521
decomposed,312
paradelike,265
pertused,2388
nonfermentative,143
iliococcygeal,220
divulge,523
anagignoskomena,1781
encephalorrhagia,173
infrastigmatal,170
unfeudalized,456
hecatean,196
asher,499
nonsetting,147
prodigalish,347
permissive,123
hemimetabolic,216
interclerical,184
birlinn,175
edentulate,161
duettist,211
connectible,179
sanguifier,256
dispirited,492
umbiliciform,1343
vesuvian,378
denarius,1445
van,353
splenolaparotomy,374
brayera,5403
helianthus,182
siphonifera,708
mongolize,290
logistic,265
leptochrous,229
prohumanistic,150
reichsgulden,163
excruciate,3434
standerwort,359
favorable,506
amerind,336
faddism,355
spiculose,608
pyramidion,189
assailable,144
metageometrical,138
sphacelous,186
brighteyes,242
quantical,679
riverlet,176
nonsinging,271
synopses,159
wimble,363
perilless,229
octopus,178
scientificoreligious,131
inhabited,223
pathophoresis,150
piperno,185
bedchamber,1667
unbarricaded,438
leptocardia,10573
theligonaceae,221
suk,4970
beneficially,265
regraduation,368
tapermaker,274
leant,313
ammonitic,247
uninucleated,354
rhinolophidae,626
semiretirement,187
cosmopolitic,130
californite,974
asperge,1989
trehalase,152
northwestwardly,161
gynophore,252
nonculture,429
mixhill,747
tubiporid,435
seafare,499
cooncan,400
vitrifiability,233
relata,274
clockmaking,174
treponemicide,177
complainingness,276
gastrorrhaphy,338
panos,611
unpostered,219
palatal,286
franklinization,167
auriscopy,158
reinfuse,312
tribual,163
confabular,124
rootle,656
ambulacrum,575
gastroenteric,177
fanatical,141
antifeudalism,153
fishery,558
cardinalitian,87745
absarokite,2111
trophonucleus,3211
cholecystorrhaphy,386
skart,955
sublittoral,2433
lamenter,164
uterofixation,475
choleine,136
gonyocele,349
caum,548
beastlily,482
fraternation,423
intraterritorial,1538
kadein,519
iranist,228
centaurid,330
enow,297
lavic,317
enhusk,757
osteophone,191
lophornis,255
unsumptuous,187
overliking,205
carminette,480
unaudibleness,166
wryness,1051
spermatoplasm,206
pinker,336
formulize,561
gaberdine,176
glycerizine,173
musteline,173
piscinal,159
macrograph,158
yearbird,199
glaucine,181
sustentative,164
photomagnetism,10787
catalpa,392
splurgy,246
biferous,309
nonvortically,1313
buckishly,247
spellword,949
amphibolitic,479
distrain,270
intercourse,730
periangioma,2144
sapphic,2415
phlebitis,693
pourparley,624
volapukism,207
outflare,418
xanthocyanopsy,295
stackhousiaceae,181
sudani,114
propriospinal,236
ontology,1117
modiation,370
mitella,240
haemulidae,294
mythogreen,145
diplogangliate,154
antihectic,280
quadrifolium,330
megalocephaly,314
celt,119
friability,502
totaquine,144
precomplicate,1030
jubilization,192
yade,203
taposa,267
agrimotor,143
sideral,197
superpatriotic,354
hawknut,200
emmarble,179
transmittible,147
puissantness,118
mesophile,216
chrysanthemin,23666
fragility,744
hostship,1229
taratantarize,256
philip,150
sagittally,850
unwoeful,620
outflank,855
hagiographal,850
interopercle,312
sacramentally,472
bewilderment,757
overpassionately,559
bedravel,207
unidealistic,520
wisehead,287
desilicate,170
flatcap,182
snupper,158
kandelia,159
leery,972
chartulary,134
polydermy,210
amyotaxia,449
archetype,147
amphora,475
wagling,199
larghetto,169
stabilify,274
financial,242
ultracentenarianism,335
catella,364
rosaceae,489
transmold,329
abode,183
unbeteared,149
nototrema,157
behindhand,176
alleviatory,157
schematize,183
airplanist,2473
copycat,1267
stowing,1530
neutrality,2431
cuprobismutite,1644
reckoner,264
knightage,1396
kalang,1103
epistemology,527
shawnee,679
derivationist,220
unmercerized,632
pectinacea,719
rowboat,151
presider,205
questionable,599
blastomere,150
messiness,331
turnel,1112
calculable,232
conscientious,613
hutterites,146
countermotion,160
marginality,149
ptilonorhynchidae,224
periodontic,149
freemasonry,265
embolomerism,145
misformation,264
treacly,29187
phoenicianism,2510
semiconducting,8999
strigillose,549
synanthrose,3114
overnumber,512
dispersant,152
cudweed,260
hirofumi,898
epiphloedic,200
paludiferous,530
deadwort,142
overinflation,1151
retaliationist,982
outwrestle,276
lewanna,244
pteropidae,233
saltator,263
parvenu,224
cogon,206
utilitarian,362
enscene,305
unpersuasion,394
tenantlike,618
billable,135
wheretoever,187
jarfly,285
inaccentuation,461
preforgiveness,208
tabulate,143
productivity,154
precounsellor,185
impureness,178
electroshock,147
uninfluencive,195
protobranchiata,201
pezizaceae,330
disattune,319
polysyllogism,185
pathopsychosis,258
sansei,393
bacchanalization,187
decorousness,145
petalodontoid,6206
secantly,513
unindulged,2124
sirple,11396
sung,332
sclerodermatales,3128
chrematistic,462
peladic,428
reproof,154
rainy,863
unshining,242
laryngismus,133
hemiamblyopia,161
college,187
reappropriate,207
vervet,158
syntheses,162
dak,250
overslow,1141
impure,422
tarn,726
koleroga,197
coherently,362
osteophage,297
opsonist,336
rancidity,256
mauretanian,276
korero,164
musquaw,394
electrotelethermometer,272
dessertspoon,565
rhinochiloplasty,167
galvanothermy,157
agraphia,167
xerophilous,139
biblicality,328
threpsology,199
cynomorium,120
underranger,34109
scarabaeiform,151
interopercular,949
productor,822
indirection,787
undermine,555
guacimo,186
anthropoteleological,950
inkstone,425
whase,1037
pyrotartaric,2834
literalization,161
myogenetic,167
hilltrot,315
carabidoid,2468
phoresis,356
surmountal,236
censureship,172
primigenous,293
brooked,173
twi,279
boardlike,702
comtian,384
retoother,201
netmaking,505
antialbumid,589
anthropologist,105
roky,426
coapparition,184
lamellibranch,247
schizophyte,227
undercourtier,141
flathead,136
semijudicial,148
slows,215
unseized,65419
enarthrosis,326
uninstigated,2847
indigestive,221
length,671
wha,1769
dentiphone,584
schoolingly,168
renovative,490
gloomingly,537
twill,375
yogi,198
unphased,134
socmanry,463
radiomuscular,181
forbiddable,324
roentgenoscope,149
diagometer,404
frescade,197
spanking,277
rampire,149
lardaceous,735
maecenasship,195
valuer,275
perplexingly,178
baconic,318
pygobranchiata,364
myrmecological,140
archidiaconal,390
monologian,400
blatterer,225
syncotyledonous,345
epistemologist,129
unbraced,258
massif,140
savorous,136
unidolatrous,528069
salicornia,44005
corbula,1851
girllike,748
thrivingness,401
tetrachloride,4609
unbone,865
auriphrygia,414
jimply,268
antihypnotic,267
primitivism,994
restrive,163
giraffoid,214
semicubical,2246
vernacularism,3425
hoi,341
plainbacks,445
neophron,258
multidenticulate,984
culpatory,803
twirl,318
fatil,685
willinghood,311
ectocranial,147
pantamorph,327
generall,216
straightness,262
bassanello,179
underbite,335
ithyphyllous,132
siliculous,144
serphoidea,344
coumara,509
epimeride,281
quartziferous,163
verjuice,609
mispursuit,175
achromatiaceae,285
unentombed,160
moqui,185
fixate,695
overcheaply,176
liter,172
gederite,261
potshoot,192
isthmic,147
subhyoid,168
straffordian,142
melituria,3226
worldlily,2643
twixt,1576
perturbator,2159
tuchun,2105
desmopathology,951
kenspac,316
fluxility,256
mannerhood,840
superterrestrial,935
prostatovesiculitis,1067
algorithm,359
retorter,273
potwork,304
mnemotechny,222
ungoodly,152
resuscitative,156
bensh,671
ory,606
uninstated,316
overpartial,244
cubature,180
biometeorology,157
polyphyodont,163
hippelates,141
overrate,324
congruent,223
unelaborately,168
ingratiatingly,232
remount,5866
escolar,5993
yurok,521
byous,403
whipship,6415
somberness,739
calaminary,522
friendliwise,150
smallclothes,157
ugsomely,2707
miscellaneity,211
masthelcosis,1496
inducedly,440
skeletonless,316
demipomada,248
dialoguer,935
inescapableness,545
cantonment,940
sop,321
romic,757
thorniness,386
burley,153
piblokto,287
phycochromaceae,410
coadjutress,694
winepot,691
subdebutante,753
guidage,285
mastoideosquamous,749
macrochiroptera,281
myelocystic,187
cainian,150
scoldingly,175
uprush,1116
polyarthrous,265
vulpine,354
sarkical,172
sonly,452
rhabdus,143
premate,213
anthropophysite,216
gastraeum,340
drollness,176
gracilaria,200
causable,150
boopis,156
invalidly,164
yellowing,152
pulviplume,173
mousebane,154
quitch,290
holodactylic,314
reliance,1401
basaltine,430
organical,4771
waterproof,274
ashman,234
intussusceptive,137
selenomancy,113
matmaker,490
rulable,2055
dusty,190
antidemoniac,186
malleolable,236
gog,386
snickersnee,214
arkansawyer,363
owling,271
ancientness,167
oxidate,213
ejam,158
praepostor,124
anorthoclase,164
disaffectedness,388
spongiopilin,650
overwrest,459
klondiker,329
dissimulate,206
hidromancy,184
currier,132
photochemist,377
covetously,241
browpost,238
embodier,221
struthious,180
postthalamic,342
renvoi,271
actinium,186
dollhood,233
peter,257
nobley,279
knag,143
em,152
plenipotentiality,131
presidio,275
cathetus,141
latinless,183
alopecoid,186
clarifiant,165
unquick,58578
rancidification,868
paleornithology,4212
dinoflagellata,146
yeomaness,612
fleam,15880
irrisoridae,213
jaculatory,1042
decolletage,302
stream,4951
repulsion,351
dissatisfiedly,191
unanalyzable,135
fitzclarence,1117
wheedlingly,214
slippage,1331
cypriniform,308
azurite,171
amoke,433
regive,120
samolus,807
nonsettlement,172
genizah,142
tithebook,340
ultramicrochemist,466
slaky,172
nonconducting,214
sinify,253
uncruel,131
overdistantly,434
alnascharism,193
undisappearing,145
island,326
inexperience,327
unpliant,306
sooth,257
lingulid,216
sphenoiditis,203
distributer,144
superconductive,141
excyst,162
endocardium,8711
apathogenic,595
proctatresy,1948
revision,825
oleiferous,1145
hypoalkaline,897
counterfaller,701
teachably,525
fractiously,1114
fourling,596
leerness,152
unironical,270
unpastoral,204
patternmaking,254
flannelleaf,166
pillarist,175
myxosarcoma,169
taeniobranchiate,1009
afterroll,215
gargoylishly,185
betulinamaric,271
unchafed,211
treeify,408
conoidal,689
paduasoy,182
platinate,367
tridentine,403
comminutor,254
parsonarchy,162
turbellarian,129
creammaker,148
smellfungi,306
autonephrectomy,483
reactivation,169
transmutableness,320
unfallowed,206
serdar,510
clausule,179
unsystematized,149
jamdani,219
hebrewess,150
decussis,298
ouphish,165
tetracoccous,127
alabamian,213
arithmocracy,167
manfulness,131
disciplinability,7937
cedar,10633
paraguayan,778
microcheilia,467
mandatory,519
scoundrelship,1579
gyrodactylidae,861
shape,377
unsilenceably,209
unmonopolizing,1925
dinoceratidae,3135
hygroplasma,883
stringmaker,772
fantastic,579
camenes,833
bejabers,175
conversion,154
retreatal,227
bedrown,244
infanglement,293
sintoism,271
inhibitable,436
speculist,541
simbil,148
snicket,174
apish,205
chalon,126
encup,227
enhancive,195
fancywork,695
heresyphobia,294
unsunk,188
polianthes,306
paraphrenic,177
offense,216
henotheism,473
leptotyphlops,246
unpiteousness,309
pinoleum,178
pachnolite,305
midewiwin,149
tetraskelion,193
mistle,178
morrowing,153
rectilinearity,175
shukria,176
brulyiement,169
unjuggled,148
moul,3689
aegeriidae,25625
onomomancy,1326
urari,517
insupposable,292
supercolumniation,500
polymastism,397
hypertelic,967
sulphur,806
primordialism,240
rhodymeniaceae,230
obtemper,181
ingestion,356
alectryon,155
stomatotomy,548
solenoglyph,184
nondelegate,143
chemiotactic,442
unbecoming,559
busby,494
burbankian,919
parilia,626
ramphastos,210
nonirrigating,314
mahua,354
accentually,162
incarcerate,244
elimination,174
scarred,1055
ichneumonoid,200
spinotuberculous,139
melanchthonian,162
anagogy,379
sericea,118
responde,147
unbreath,231
reversal,356
underalderman,215
unspecialized,297
toiled,187
dairy,136
scarehead,213
pachytylus,179
skiver,145
scleria,187
flawlessly,138
aberuncator,1251
telelectric,1734
tongueman,7622
muntjac,1251
invised,8265
apluda,1091
ancony,1806
cockily,251
snagrel,220
proconquest,1078
ideophonetics,1353
criminously,2515
outbloom,304
nonslipping,1010
ctenidial,125
wrappage,1379
bivascular,238
ringmaking,271
hovel,288
isodimorphic,342
narcistic,477
portrayist,217
compartition,146
revisit,177
themelet,143
waverable,457
bakuba,341
uninclined,185
prepotency,588
chartometer,331
overlordship,207
medial,246
succeedable,366
stereoblastula,187
abactinally,234
nonacquiescence,356
hypsometric,148
severalfold,239
wauble,148
unwhitewashed,148
cranesman,158
nitrophenol,130
infixion,145
polyandrist,140
uniridescent,183
omar,37532
polygenetic,16267
prediscipline,6200
opulus,279
browst,253
biochemic,512
karelian,2929
undeclare,689
tetrazolyl,374
decried,817
cloudology,824
calabaza,510
numeration,208
cingulum,171
thalassocrat,245
synthermal,140
unguerdoned,345
unharked,416
phthisiogenic,324
nonterrestrial,988
unregular,212
pronged,146
strold,345
hierogamy,1028
exosmosis,166
stug,119
overindividualism,156
untouched,168
culmy,527
vacillation,436
melitaea,163
conversationable,395
subcontrariety,139
unorthographically,149
trundleshot,167
dehiscent,179
zoophyte,1328
pathematically,6001
tiliaceae,693
rusticate,1822
multichrome,489
unpocket,302
battologize,406
subcubical,189
morigerate,140
bisinuation,1098
identism,169
saporous,694
paragnathus,230
cowpock,609
metaspermae,311
yoldia,311
diabetogenic,132
neosorex,322
pudu,334
anginoid,556
posterishness,491
microcombustion,176
glaucidium,401
geocentric,148
wye,147
biding,215
temerously,148
costanoan,160
nonscalding,163
finalism,299
swinehood,216
recouper,155
phylesis,177
preignition,227
bragget,30103
tribesfolk,1799
mandibulosuspensorial,4881
ungospelled,3133
sissy,970
postvocalic,317
congenial,2745
medullitis,293
haybird,468
pretypify,282
unstrangered,544
philomath,230
supercontribution,508
tinwald,243
eohippus,249
prenecessitate,377
loculicidal,246
cyme,587
printless,156
wharry,394
heliomicrometer,244
surveillant,247
pretracheal,205
mischio,233
infinitesimalness,198
discipliner,242
journal,264
unbutton,337
nunni,124
tatarize,254
wedged,147
semuncial,237
unrun,159
unhealthfully,179
buzzing,117
unrolled,140
proteidae,194
banga,234
umbellately,12112
consentience,8605
blaine,246
gargol,4036
disfrequent,440
seismic,395
selfful,575
usings,271
snobography,252
holocephalian,278
cerebellum,2767
extirpationist,2500
gypsyhood,133
tylopodous,214
flector,1387
geoagronomic,633
bowery,380
jacketwise,240
virtue,504
stiffening,552
mesothetic,297
hindersome,329
testudineal,236
serpentinize,220
stodgy,314
asiatican,144
splenopexia,434
ituraean,147
norm,142
anemograph,167
scraping,165
volstead,162
posteriorums,193
lichened,151
cyancarbonic,243
uncountermanded,136
polyprotodont,250
briner,12829
pudendous,9660
navalese,175
fraternality,5281
caelus,354
excentral,250
cryostase,736
creodonta,859
polygamical,1111
dislocation,183
comitatus,306
teachership,878
turlough,685
grid,1321
phellonic,255
hoglike,408
costander,255
nutriment,247
pignus,255
charity,362
preambular,171
staiver,519
seminormal,504
idic,274
sanely,265
noncatholicity,384
passport,185
wassailous,292
valved,313
poriferan,188
kantianism,722
beatify,257
grazer,879
clite,180
rentrayeuse,164
servantdom,357
feering,302
fostress,172
jesu,207
litholatry,127
extemporalness,15242
ophiuran,2648
imbased,228
yuechi,14692
cove,366
assorter,685
clothmaking,347
thoriferous,2401
problemdom,211
thurible,182
usucapt,247
timocratic,497
graafian,408
uninclosedness,3703
malleoincudal,437
universe,214
shadbird,1496
passir,254
biologese,202
irreverential,156
legalist,583
contemnor,266
nurtural,278
tympaniform,654
konde,316
niasese,150
pronegro,671
frilly,173
cabalistic,1584
cytological,207
allomorphic,257
wheatland,173
preadmission,139
undy,303
felid,367
tibial,138
ulmo,263
allocate,206
anthraphenone,162
thermotic,230
snobbism,133
indexer,176
verbena,234
calcicosis,262
catilinarian,432
boanbura,116
anarchism,237
woolen,201
covey,183
stick,646
functionize,593
nuda,1421
scoffingly,677
branchlet,7148
mediumize,1784
pseudofinal,387
nanticoke,808
hydatiform,133
fireworm,2697
myeloplax,194
infraspinatus,494
serolemma,320
mediatize,1205
metapore,403
handcart,386
urediniospore,167
bolivarite,914
blastoderm,213
commiseration,164
mastoplastia,164
leisure,182
daktylos,493
cauqui,562
cyclopterous,247
agglomerate,148
romanceful,243
vacuum,286
thorter,141
nonprotractile,386
enclasp,270
thirdborough,170
bilinguar,155
stretman,259
ratably,253
predesert,113
psychalgia,142
merel,148
mechael,147
absinthin,415
pyrrolidone,3488
disheaven,1242
phototrope,987
reiterate,1144
opulence,492
splenitive,1063
confederatism,216
urocerid,689
hemidemisemiquaver,520
unacademical,695
chlamydomonadaceae,832
lackland,651
taxology,153
dorking,295
unexisting,319
reconfinement,648
iotize,276
distillage,217
phytophylogenic,142
mosaically,620
cataclasmic,177
afar,703
tetragonous,285
lifeday,143
slapping,150
outstare,169
unrestraint,199
pangamy,123
spencerite,127
thermocouple,217
afterturn,138
halotrichite,169
slaved,178
chelidon,169
nonepithelial,534
apogeotropic,282
heavenly,2778
jezebelish,1071
papilionine,288
aduncous,468
toxotidae,535
oophoroma,574
tursio,254
panicularia,209
proctocystotomy,262
fungate,1290
gade,253
stably,2965
overlanguaged,268
barry,154
necessity,437
reassay,1185
adulator,186
unexasperating,290
polystichoid,135
obumbration,246
agglutinability,209
cacogenics,571
marksman,460
unpeccable,673
saut,202
carbonylene,243
tankful,286
sla,274
protectingness,153
gervais,299
unwrecked,190
adsorbable,239
initialer,223
newsprint,154
manlikeness,148
hydroponics,168
pohickory,299
twattle,40389
alaternus,154
toshakhana,9177
spermatogenic,259
histamine,300
ureteralgia,821
periconchitis,572
aline,482
oysterlike,377
hebetate,598
starrily,1392
leges,877
nonmolar,758
condylectomy,474
wheam,1694
upsteam,408
spraddle,194
asarotum,411
subtitular,325
sacramentum,148
corporality,763
nonanaphoric,174
melothria,155
brachydomal,207
framableness,124
vingolf,302
socioreligious,324
polyergic,151
branchiae,177
japan,205
sciolism,140
oarhole,184
ginny,148
yarak,127
cupman,146
semifloscule,317
whooplike,1123
nonsignificance,491
prison,164
backword,1158
manorial,1206
prut,213
fro,130
branchiopodan,641
spondaize,152
telodynamic,1337
dispatchful,925
eternize,161
sherardia,1131
bimasty,362
prepotence,282
carnivorousness,201
rousseauite,149
earmark,255
fulgur,141
septodiarrhea,165
poller,128
quadrispiral,589
overconservatism,209
amidofluorid,354
characeae,237
forfars,136
esophagean,205
seeming,149
diligence,223
precursor,285
demeritorious,201
predisponency,208
hyposystole,28830
pericorneal,355
rubricize,218
eligibly,12978
tarzan,1421
sulfatic,1806
wordsworthianism,385
transhape,1349
zoocecidium,420
korakan,155
inflective,449
overmasterful,181
statement,574
uncontracted,1185
irreducibly,646
unharsh,193
peculiar,175
reimagination,161
unfooling,226
frutescent,384
equiomnipotent,174
meadowed,422
ebonite,264
biconjugate,237
sedulously,339
instantaneously,422
herbaria,221
platt,162
preallowably,131
foulard,157
macrophage,390
inexpensively,150
synchytrium,203
gigful,195
sherbacha,270
alkannin,259
regle,175
cosmocrat,219
moneric,142
mixed,143
uncuckolded,146
heterochthonous,142
floscularia,2137
foreloper,2435
conconscious,328
vetivenol,1011
subdate,1162
narratory,1100
stipe,133
medifixed,353
returf,164
livian,156
perspectively,410
unliveableness,509
ectoproctous,622
characterizable,182
incongruously,1250
pneumatocele,607
hydatogenic,265
manila,270
discocarp,675
anomalon,168
depreciative,797
bito,409
peachen,116
ischiocavernosus,358
uranographic,673
monachal,280
alemannish,192
warri,180
demibath,563
unnegotiable,181
huaca,207
nitrogenation,331
gelotoscopy,156
preimaginary,150
blockishly,144
unscarfed,210
versewright,412
cubicalness,174
yponomeutidae,134
hippocratical,250
bibliopegistic,352
unsufflated,281
dihydrocupreine,5709
roggle,483
pyrognostic,272
retumescence,464
efformation,2197
striga,561
ode,281
alexin,2820
mimicism,386
potto,288
orthoveratric,495
meiobar,158
earthmaker,356
cillosis,346
javahai,191
unavailably,169
andine,391
doubtfulness,118
antimilitarist,405
cogrediency,531
citraconic,174
veteranize,276
unsortable,270
chillish,219
testudinarious,233
dilative,541
janus,158
nak,337
cosmotheistic,161
laryngalgia,160
undercoachman,151
batterable,134
multicostate,152
tuskar,138
culminant,178
welting,160
gemsbok,184
overdilute,154
eradiculose,183
prefavorable,6905
inrunning,137
pseudotabes,207
legatine,5708
steadiness,620
trochaicality,1337
untoggle,393
directivity,184
siderographic,1008
bisquette,249
bigoniac,331
upboulevard,376
blindfoldedness,316
rach,487
homosexualism,355
orthodiazine,773
skyscraper,376
unsplashed,603
leathermaking,988
glider,372
corycavidine,171
unorthodox,300
choriambus,219
opsonification,128
microgamy,210
unpracticed,432
crystallometric,193
whitesmith,258
tengu,152
phytolaccaceous,182
judiciarily,216
theologizer,183
faller,488
unintervolved,136
nodulated,139
curvedness,125
beltane,664
archegone,253
surfle,170
alfiona,168
duramen,131
variability,204
thromboplastin,12276
hohenzollernism,4295
kingpin,338
norlander,4174
procrastinatively,488
sodding,251
unpot,230
uncomprehended,974
baluchi,154
perithelial,4453
sagittarius,511
whitsuntide,390
gershonite,121
intermason,477
brocho,270
cunctatorship,529
frenzied,341
oxhorn,172
absit,2149
previsor,508
unbiological,206
bereft,697
hydrosarcocele,165
corrodier,286
azoxy,231
palaeethnology,172
nidor,200
amatorian,197
frictionize,248
thocht,148
desolate,221
macroplasia,149
brainwasher,829
needless,204
crined,235
sonnetary,128
cantonal,675
millionairism,220
imploringly,479
visuoauditory,193
memnonian,724
radiochemical,2792
physicophilosophy,1131
carom,849
graciousness,132
dampener,189
appropriativeness,1691
bloodthirsty,644
electrotechnic,203
dog,290
synacmy,191
tentmaking,282
pitaya,485
unleavened,356
uninfolded,276
apostatically,573
rifely,1468
whirken,140
convictional,170
ungracefully,167
regalement,211
kiloampere,564
bridgehead,234
millocrat,145
photolithographer,956
cultellus,161
cryoscope,263
fertilizer,746
phasianid,290
scumboard,153
footnote,321
campaniliform,167
cacoplastic,188
birthright,154
azole,389
eupatrid,191
verism,295
ungentlemanlike,315
heptagonal,195
coccygectomy,260
monotonously,249
phonetist,643
strayer,134
washhand,217
iridentropium,139
preaffect,157
perpetuator,431
unwafted,155
hoosierize,210
epipteric,136
torpent,207
superendorsement,741
aborigine,26922
prefatorily,4078
holospondaic,485
freir,354
demiatheist,270
stringboard,302
metanilic,341
untriable,334
impopular,336
anticyclonically,317
lachrymose,238
sourling,1603
trochocephalus,198
anthropophagical,1193
mosaic,347
spiciform,150
platitudinism,367
rhizogen,496
unritualistic,229
liegeman,437
sneap,523
screwy,676
carpus,464
tumultuariness,152
toughhead,223
shamer,196
valmy,333
rector,374
syllabism,340
disapprobative,519
enumerable,190
lassie,117
charwoman,188
sepulchrally,166
psychodrama,154
urbanism,617
hypocatharsis,237
scrumptious,254
velvetbreast,175
uplimb,187
gannet,218
plausible,213
pseudoism,146
temp,332
unmotived,178
cichloid,148
knobstick,245
fruitfully,411
precombat,1198
padstone,2025
belduque,149
exactitude,215
wiseacreish,135
mumness,568
unsacredly,216
bolivia,3149
rebaptism,960
achromophilous,128
foreship,183
decompressing,840
tessaraglot,1119
tripalmitin,205
pseudocyclosis,148
thimbleman,408
alkalescency,406
rebehold,239
relater,529
symbion,203
marshbuck,201
albescent,179
gazingly,146
platycodon,266
nonscholastic,123
epicondylar,522
pantographer,266
widework,163
disunity,162
dunbird,168
reboisement,16622
chrysopid,7229
wiredrawn,1724
satiety,17566
choliamb,543
interlocally,2469
porcelainous,1423
kirver,136
exiguously,311
plagiostomi,276
skat,322
unfeared,2280
chloriodide,303
abreact,150
meloe,316
horouta,484
hammersmith,231
inextensive,444
bagger,167
franc,215
dutch,685
seraskierat,316
slackness,131
maharao,174
chroatol,1616
stokavski,318
retanner,252
bigener,208
prehensible,218
wenchow,850
appreciational,139
hypocotyl,168
noonwards,369
circumcone,158
piline,407
chemasthenia,217
tutelo,262
angiospermae,343
educationable,235
ruinable,278
diplococcemia,277
semiexternal,169
anachronical,421
thymele,360
squeege,206
unmakable,228
unscrutinizing,259
spreading,309
tannometer,245
osteodermal,168
helminthoid,145
renogastric,163
tabu,439
laceybark,175
isosulphide,169
crosspoint,124
bittern,149
bendlet,1820
smock,108
converser,279
gneissitic,497
thiocyanide,1289
unsquarable,1496
insignificancy,278
outparish,246
tolly,411
necessitation,265
luteofuscescent,176
neuropore,808
tropate,447
patwin,494
bandyball,273
chilled,622
begoniales,212
cordelia,138
decephalization,203
damson,160
precede,404
inthrong,174
presternum,148
revoker,154
gasoliner,170
mummichog,155
millibar,137
apetalous,292
patrocinium,189
thamnophilus,273
dermatocellulitis,253
subicle,136
untenable,232
euhyostylic,539
verify,296
melicera,158
selflessly,184
cartography,163
transatlantically,146
forcibleness,208
tricephalic,320
anticorset,863
terebrant,5455
effervesce,392
quiverer,967
exoccipital,1065
windgall,327
tumulary,510
besaint,220
pharmacopoeist,731
diffidation,2273
bicornuous,180
subgranular,349
brontosaurus,254
jagger,532
trypanosomacidal,230
chimpanzee,404
ichthyoidea,465
biriba,316
fretful,275
enlighteningly,155
protection,186
tuned,2207
randomization,128
platformish,189
overeye,144
dinge,218
thrummy,141
shippy,180
cacomixle,207
phaleucian,215
untie,200
trottoired,125
wilderment,485
cornishman,228
pathology,669
nonfrosted,160
doggerelize,150
frugal,195
chronographically,173
maxixe,135
proctoptosis,1092
nonmanufacturing,7546
jacamaralcyon,275
invoke,182
succinctorium,243
kuttar,185
flanger,424
micromelus,3992
unguillotined,1354
ottavarima,1026
stereograph,1554
reinstallment,590
subsessile,1687
venner,225
purler,156
tobogganeer,514
pneumography,365
brachiata,254
almsgiving,391
canellaceae,415
oxcheek,886
dentated,144
dejunkerize,958
proannexationist,222
enaliosaurian,162
hydrophyllaceous,697
unprint,337
semigravel,130
torpor,413
pontine,289
purfling,1044
initiative,157
mesenteritis,203
cosmic,247
slicer,207
unmasterable,129
punnology,128
cerograph,315
poa,231
handyblow,185
piously,171
unasterisk,197
subaltern,234
beclart,1834
circumferential,759
durrie,1238
recitative,4076
morris,2195
hymenal,154
redo,1689
unspecterlike,746
corpsbruder,201
unbecomingly,640
pollutingly,763
carchariidae,261
accomplishment,783
mawbound,1797
unsubtracted,1012
undiscriminatingness,750
affectionately,1732
cheddite,144
pueblo,246
anonymousness,164
equivaluer,440
gibblegabble,156
xenoblast,556
administration,626
quercin,643
cayubaban,278
selenitish,161
remigrate,187
teave,144
campanulatae,230
fanback,234
nonfeasor,247
goth,552
booter,475
desensitize,133
polygynian,209
slavic,334
prosist,150
thermoscopical,146
stacker,186
summoningly,352
congruous,194
naosaurus,161
blattiform,155
predisorder,344
carloadings,184
pleurohepatitis,217
lotic,169
emeraldine,294
nidamental,194
reintervention,148
currishness,132154
assman,248
outright,554
garmenture,6476
septemfoliate,597
ferroconcretor,2010
damp,190
longobard,251
lengthsman,1453
sauromatian,196
observatorial,1341
perioophoritis,1117
dismay,199
sugarsweet,207
contemperate,232
hexacoralla,298
seta,516
pithlessly,246
stue,270
lycoperdon,722
counterpoint,158
siegfried,217
toponymist,209
ventriculous,440
umbonation,817
impersuasibleness,175
conjoinedly,520
acronymize,181
warrioress,315
indiscoverably,240
terap,149
snood,763
snowshade,170
rodney,139
marceline,143
wether,148
viceroyalty,491
photoceramist,271
malarious,193
paleolate,183
shrimp,165
tristylous,160
rocklike,155
actually,260
electrobath,283
abodement,150
melopoeic,144
mooncreeper,1084
sidewards,162
eloignment,4553
noncompetent,767
cutout,1685
belligerency,636
windclothes,3531
satisfy,675
unweened,1027
gymnogenous,894
squelcher,172
macrochemical,884
hexpartite,352
taxibus,241
parotoid,357
cornland,1382
glaserite,735
improvise,553
praiseful,147
antigalactagogue,180
pyelonephritis,504
leaner,143
pseudoerysipelas,330
overhung,314
attrahent,207
vassalism,821
leucocarpous,207
damages,145
divertive,266
pacify,179
dosa,153
pukatea,286
trochoides,382
reserveful,190
circumterraneous,168
salvationist,174
correlative,142
headmark,171
unmoralized,142
locarno,263
preparatory,239
unmerge,287
sacrificially,3341
uniramous,187
sonar,294
whelky,875
druggy,703
bibliographic,2700
veiny,2851
multisaccate,412
troubadourist,1629
retattle,220
winker,240
tsatlee,809
acrawl,137
myelopetal,519
glary,1169
dilker,553
sescuple,407
bloomage,307
breathableness,554
swashway,572
bugginess,519
berline,484
lawbook,139
pestology,196
counterinterpretation,180
perquisition,216
pessimist,156
callable,372
thyroglossal,417
collagenic,171
unorthodoxically,530
reputable,515
northlight,313
proctitis,428
polygordius,642
argumentation,252
cosset,379
presuitably,113
thegnworthy,141
lecideiform,320
seismetic,737
chichicaste,203
oralogist,150
dulanganes,175
arctoidea,141
sheepfaced,7892
loquence,2219
hydatomorphism,218
hyperspace,382
raptury,404
nonloxodromic,347
dysanalyte,228
yule,423
quetenite,386
shraf,395
antiferment,221
epistrophy,1271
paraleipsis,323
intertwiningly,1786
conglobate,383
backfiller,528
melanocerite,181
rhabditis,170
smiler,146
marine,238
orgastic,139
chink,281
moron,380
shoebrush,154
throatlash,194
ethnomaniac,140
unmulcted,224
tavola,128
unimolecularity,325
tortuously,1165
tartarism,2115
conusor,2069
reimmerse,11661
lazarlike,236
wheylike,970
orbicularness,170
pristodus,177
splendiferous,203
theah,664
indiscoverable,260
cosaque,459
picene,142
subreport,424
ostreicultural,280
snapper,408
ephesian,1177
philadelphy,385
sherramoor,214
woodcracker,362
tellee,165
earthpea,252
bienness,205
nisse,174
smaragdine,144
pronephros,149
retrial,158
aface,140
interspinous,211
gobbler,148
lullingly,8799
zollernia,1273
premandibular,3067
canoe,1198
polyplegia,954
myxedemic,818
unenterprisingly,2974
agranulocytosis,2258
pedantize,1916
fibrinocellular,1490
powerless,243
unsprinkled,778
thaught,241
parasitophobia,187
hunchbacked,922
microcolon,670
metanephron,1102
damagingly,510
encore,439
tortuous,192
muskogee,1515
pantagruelize,1809
pensility,427
siroccoishly,1065
grapevine,295
unmistakedly,157
theophanism,217
unexpounded,1139
intermontane,307
magisterialness,156
suborder,919
chalice,333
pensy,475
superborrow,153
infranuclear,178
interreign,172
thymelaeales,298
myopachynsis,336
witchy,172
propylidene,201
henpeck,230
abridgedly,228
waymark,138
oofy,181
materialman,180
unvomited,227
outdistrict,145
amphid,408
diversifiable,144
illutation,159
unreliableness,4987
houbara,1744
incondensable,1026
chigetai,269
spheroidity,3598
plicative,675
crapple,935
topalgia,460
outflash,159
pedatisect,154
uniradiate,201
posterodorsad,374
feathered,388
stovewood,257
formaldoxime,178
whatsoeer,269
uranic,233
strongbrained,588
muslinet,184
vaccinogenic,129
titillator,671
christianization,194
adonite,337
trigness,140
overlean,161
unwreathed,181
deciliter,263
massachusetts,155
outroyal,282
applecart,207
unventured,466
tummy,161
sterling,134
phenomenon,343
stonied,273
fenestrato,144
undolorous,139
transreal,186
diverting,133
festivous,171
battailous,268
hosiomartyr,140
magnify,133
shadbelly,1377
euphemist,487
occulter,307
recodify,418
dodecade,771
pentasyllable,523
thienone,445
decuman,382
trot,213
squeaker,193
nonsecretarial,702
prohydrotropism,179
queenlike,427
zoochemy,373
stirruplike,346
turpid,160
countercourant,181
germanophobist,319
corollike,557
ownerless,167
rancher,172
emendandum,429
dibenzoyl,130
journalization,495
volumenometer,591
repost,391
averagely,267
kirking,477
parcellary,165
feuille,164
chaldaei,205
icteridae,306
obtrusively,184
siphonic,238
adamant,170
mammillation,208
phenate,150
degas,149
gallotannate,206
atharvan,233
underpraise,426
mamba,1387
saphie,635
unprecise,20653
paraffin,493
empiriocritcism,243
flowing,139
imperforation,142
gentlewomanish,1126
granulocyte,547
unboundless,919
moonfish,261
bacilliform,171
triamino,489
anaglyptography,278
karyolysis,236
orphandom,293
cuproammonium,376
argemony,517
superdominant,132
soullessly,420
bitternut,152
mim,303
bepepper,190
marrowless,274
igneous,152
vagarity,557
enterobiliary,162
privet,223
befog,119
trippingly,221
levite,186
administrant,112
unlustrous,189
unconfidently,552
overitching,674
bikram,551
reporter,721
pterygota,214
figured,956
hanky,432
hexatomic,360
glabrous,2114
campephagine,6962
delian,275
cardiomyomalacia,3132
bombous,1098
handle,579
taggle,1112
stingareeing,480
rapateaceous,134
unextendedness,203
postdigital,250
pseudosopher,244
solidungular,2328
aerocharidae,141
reflexive,145
dolomitic,577
stemmer,178
upcurve,243
spoonyism,648
catechesis,478
pedipalpus,133
pteridologist,140
pseudopopular,982
hyperprism,143
scoopful,260
daryl,183
parotitis,269
underinstrument,297
sarcomatoid,566
heterozygousness,163
risque,521
paroecism,149
riverwards,279
symbol,153
islamist,178
prevacate,198
creatinine,145
betelgeuse,155
same,217
metonymical,139
relbun,152
erythrodermia,142
sanded,193
archon,178
figuration,652
palus,493
resect,414
floatboard,1756
remanence,273
acatalepsy,578
upcast,149
lambhood,267
preboast,639
updraw,145
transsensual,1207
alveoloclasia,288
discontinuity,440
brittleness,588
subchanter,316
lobopodium,229
tackproof,409
elbower,260
aural,604
disorient,453
aporetical,498
doohinkey,263
electrothanasia,239
selachoidei,184
intercondenser,296
precirculation,404
chromatist,240
septentrionally,646
begottenness,230
ensignhood,560
wenny,307
subtertian,224
protohydrogen,142
timbang,243
lemming,250
interbonding,210
nellie,168
disseize,206
inopinate,138
timber,221
pigstick,363
superwise,202
villagelet,8202
cultellation,220
demoniac,137
immediatism,5305
martynia,129
blanco,216
iridodesis,8501
washbowl,288
silvicolous,1724
neglectingly,868
hauteur,1481
unpostmarked,322
jacker,596
antilapsarian,1043
ostrea,882
risky,312
misconfident,233
snipnose,575
torturer,314
siphoniata,233
marasmoid,278
orgic,152
addlebrained,268
gaud,191
soteriological,329
underfeeling,151
bulbocapnine,306
unsupplicated,139
arianistic,370
okee,973
insenescible,259
manywhere,521
extrapolar,156
subbookkeeper,329
strainless,172
cardiokinetic,240
gaon,240
frivolism,153
fungous,210
scamping,242
retracted,149
leishmaniasis,438
chaoticness,269
lutfisk,158
groat,299
antihierarchical,1335
slipless,1420
gilled,360
statisticize,901
fortuitously,452
northest,5002
platysomid,3158
cedary,3522
orifice,1146
sclerodactyly,810
osculatory,787
triunal,447
pedal,377
mullenize,430
bloomless,723
dilemmatic,556
inflammative,267
bedewer,148
diplacanthidae,273
spence,234
begnaw,241
trillet,683
septifragal,131
unexcursive,138
passageable,180
thetch,193
campbellite,182
automobilistic,188
compactly,157
tutster,295
finitely,194
lineless,249
sny,429
hallowtide,145
pulmotracheary,165
quartzite,197
sportance,673
assemblyman,178
shieldlessly,184
bikhaconitine,132
hyperquadric,144
esox,167
sonata,253
aphetize,138
plasmodial,39157
quadriradiate,279
clinopyramid,22820
ingross,488
admonitory,195
procanal,3731
metallographist,561
sabbatist,536
relationship,873
psychoethical,287
nitromagnesite,2325
benzoylformic,479
assertion,825
heteroepy,789
authenticness,195
woodmanship,280
bushful,1358
outdistance,383
sectionally,627
advaita,532
pyrophotometer,1132
purpuriform,194
lamel,299
lucklessness,227
compass,138
pouch,270
sigh,370
enfeoffment,207
quiangan,176
lynnhaven,796
schorlaceous,166
saurodont,131
fireshine,144
tiremaking,166
fishhouse,188
bilestone,247
lackadaisicalness,157
cypraeoid,185
polynemoid,114
utrubi,287
appleroot,7861
expiscatory,310
locally,4205
cathexion,511
punchlike,698
alytarch,425
cavalla,337
otelcosis,309
ministership,183
dispense,219
weathercock,190
guilloche,341
prototype,205
untaintedness,353
deaconal,134
propylamine,232
nonprotein,228
wekau,301
dibranchious,209
overexercise,192
adrenalectomize,254
overexposure,461
depatriate,568
trophal,128
brimless,259
protoceras,176
adar,185
uncabled,211
undegraded,212
mistranscribe,189
pygopodous,418
softhead,147
inofficiously,222
phenetidine,180
sonny,273
platitudinizer,132
fluttering,3349
antitheological,428
unpoisoned,387
decorably,1994
letterwood,1830
reswarm,256
cosmogenesis,216
preferent,179
whilom,1989
disaffectation,1044
palisading,157
spiderweb,404
unblamable,292
selenite,320
disfigurer,320
avail,233
furphy,186
outrageous,406
panichthyophagous,996
nitrometric,285
romanceish,551
antasthmatic,206
nonbotanical,134
beglue,269
philofelon,262
salangane,185
nake,237
straticulate,181
decontrol,275
lias,174
conductibility,114
nycticorax,75066
unquestioning,21970
predispatch,685
untractable,366
montage,4735
bonedog,874
microanalysis,311
hypercarburetted,1598
epiploitis,1602
alkalify,2627
mantuamaker,638
endocarp,256
nonunderstandable,307
erik,609
aurigerous,217
alismal,380
gossiphood,252
balanopsidaceae,553
instrumentative,378
metaphrast,353
brattice,1567
alliably,193
parochialism,352
amedeo,712
pococurante,454
albumimeter,264
cypseli,278
tribunitian,171
shopful,164
garabato,179
sculptitory,625
jantu,174
cotylophorous,438
spiculous,574
bihari,520
untreasonable,1149
orifacial,184
wellborn,221
aboriginal,162
hydrochloric,154
wardrober,232
mutawalli,212
pteric,172
nonoscine,156
gottfried,141
subvicarship,176
organelle,298
corallian,2737
priggishly,1192
urubu,899
airless,1934
laparohepatotomy,4612
anaptyxis,138
gomari,4608
dacryocystalgia,3771
perfectionist,243
chondrography,222
peronium,135
paraphernalian,120
vomitable,1627
equivocalness,332
uncrinkled,190
macrocythemia,990
unmalled,556
wordster,243
climactic,187
tantle,283
coalless,326
inscrutability,398
scandix,262
signally,197
funest,536
roperipe,134
unacceptableness,376
distruster,125
misplease,405
anticipate,365
myalgic,258
hoped,152
dipterology,145
xylonic,233
pleuropneumonia,159
alimentation,149
counterstand,248
pragmatistic,190
pentametrize,216
cuddle,115
ardassine,134
multicylinder,187
radiate,178
orthopedic,6984
pickage,1980
pickableness,306
padfoot,962
polysporangium,396
pneumoconiosis,790
myxoglioma,7575
overproduce,189
acuteness,1328
overfaith,570
precordium,195
apposiopestic,257
subcommissary,1470
resign,1441
suffragitis,583
antefebrile,1089
amylo,1973
immew,146
antepagmenta,914
afterthoughted,873
thiospira,126
bidactylous,145
portreeveship,469
aminobenzamide,285
andesine,273
javan,266
furtherest,145
semidiameter,273
couching,164
unisparker,281
withdrawer,131
hemicyclium,369
essay,166
amativeness,316
hedger,181
chamaelirium,266
birch,179
zolle,150
fideism,253
balladwise,143
overdogmatism,129
basaree,250
hoopwood,132
machinification,154
laminable,188
tinselmaking,136
decency,2585
platystencephalic,5704
paralyzer,4262
pretended,224
laconizer,627
sophisticator,187
coccidae,909
nepenthes,7165
cystenchyma,166
graph,1136
adorableness,218
quadrilogy,231
unsentient,297
prepatellar,585
alethiology,132
pelops,393
thoughtsick,195
bewaste,269
torcel,1025
palaeocrystic,178
riceland,248
albuginitis,1106
pubococcygeal,567
hyponitric,358
siphonostele,636
unplank,141
aiel,226
horsefish,136
caffa,133
gaff,135
catasta,225
austrogaean,265
lampoonist,431
parent,211
hirundine,172
fossoria,303
thundersmite,216
chevener,183
peevish,3764
nonaffection,545
pannage,4686
stampedable,182
sketchily,17115
vraic,688
elvanite,672
coalfitter,230
quenselite,629
shai,530
bookless,777
siffle,4716
hydrotaxis,444
deadheartedness,132
miramolin,548
leerish,244
utensil,408
volatilization,656
velarium,141
superperfection,1472
climature,168
alloploidy,223
expergefacient,187
contraoctave,487
equivocatory,253
bibliothecary,585
psaloid,845
unwarping,200
misspender,503
madescent,425
teleneuron,172
unissued,241
depa,290
apedom,133
pericarpial,201
utriculiferous,148
superabnormal,2788
bradyteleokinesis,301
amphicentric,1374
punctiliar,2288
entangledly,679
monochlorbenzene,1535
forestry,847
decode,765
housy,1223
comanchean,529
timbrophily,365
wonderfully,400
nonderogatory,180
tridecylene,383
metempirics,703
footblower,602
schisma,1252
unmanufactured,499
bosniac,169
motoric,694
osoberry,168
homiletical,229
arbuscular,165
jugglery,509
hemicentrum,268
rorulent,197
treasurer,225
neigh,248
unoriginality,516
kingdomed,147
phytogeographically,141
humstrum,389
humbugability,22382
reversionally,535
margarite,3467
chieftainship,982
purposively,1372
unasked,3321
antiphonal,255
sovietize,268
unstraightened,6288
loess,3984
interparenthetical,614
unprogressed,631
uncuriously,644
seismologist,1805
counterplay,302
mytilid,278
duvet,498
unasserted,1664
otherdom,184
resentingly,146
differingly,621
cribral,373
proleniency,178
congenialness,242
nectariniidae,176
incautiously,280
freck,315
spinosity,165
dominium,271
iscariotical,540
precogitation,294
cityless,175
outwaste,132
regia,339
berry,125
dreamlessness,170
answerably,1523
blowfly,157
overattentive,333
vesicatory,8446
tetraketone,1165
uncorrigibleness,2494
medisect,682
gladeye,1687
antarctica,915
waik,336
overstate,134
wycliffian,767
uninscribed,183
tammanyite,1458
hypsodont,5337
timothy,550
master,161
superpolite,138
fittywise,178
testate,1478
ethylsulphuric,715
dahlia,192
questioner,182
unreduced,1024
cisco,129
spewy,335
aphetism,672
medaled,154
polyandrious,274
closable,197
cymbalaria,184
globulite,207
marmalady,305
accrementitial,179
micropipette,360
enallachrome,331
procuration,172
leucopoietic,139
unsanctioning,170
conclusory,688
semifoaming,224
intercoccygeal,2111
submotive,1436
sauropsidan,577
martyrly,136
multifaceted,1402
auklet,364
underpants,344
weatherly,612
precontently,688
lata,206
discomfortingly,169
slowhound,152
invected,191
phemic,290
sororate,262
forgainst,137
toaster,165
acromegalic,585
pobs,228
conga,436
omniscience,126
ergosterol,560
megaphonic,516
toughish,1430
intervary,208
ornamentally,248
unprinceliness,540
thalassiophytous,252
cephaloid,137
preadvice,161
ceratostomella,491
miss,811
vaginate,212
loran,202
doitkin,189
telencephalic,155
panpsychism,166
ratchment,147
sciniph,150
emperorship,142
unfacetious,216
irremeably,129
fanhouse,179
underbidder,200
initiation,5093
curtaining,1221
cadastration,210
goatskin,2346
scomber,4057
impetulantly,187
boroughmongery,192
campestral,733
quadriplegia,452
peltry,1408
scutiferous,839
outlearn,257
gynecocracy,288
butterbur,232
quercitin,177
bankweed,420
workship,549
bushwoman,285
synthetic,170
extramolecular,243
gauss,238
interflow,170
phenol,167
phantasmagory,208
acetylcellulose,140
reglow,179
phyllospondylous,118
botanophile,475
unrepelled,312
marketing,144
unwrit,287
exquisite,183
russellite,169
seigniorage,140
ornithotrophy,204
refrain,151
siege,219
foreboot,117400
afterattack,230
obfuscation,160
nonmandatory,5337
milkhouse,479
smugness,1597
madrigaler,405
submergement,157
patera,268
duodenojejunal,7228
chokecherry,484
paisley,474
multicrystalline,1579
rebandage,194
anatiferous,507
shoebindery,1865
pedunculate,3288
wikstroemia,499
unlooped,298
kuchen,842
sorbite,180
awfulness,167
microdiactine,1797
decomponible,392
ericad,147
megalodactylism,543
propagandist,644
medullary,242
trellislike,154
tuberculosectorial,165
baun,356
chromatic,168
preaccordance,132
footpace,156
spelunk,263
overfondness,262
devourment,364
satrapal,267
general,221
lennoaceous,271
tenesmus,192
burnie,182
postethmoid,142
phototonus,1138
cadjan,1354
alkes,162
trident,268
fumistery,1664
czarevna,862
babhan,288
serviential,540
imbellious,424
unfollowable,547
unpleasantness,158
atrickle,283
panicmongering,483
thickheadedly,497
suspectful,328
poikilitic,299
electrolytical,310
chiropractic,327
capillitium,248
umber,211
aerodromics,213
distender,1612
polynuclear,269
goby,238
togs,329
giddybrain,159
mesophyllous,313
orthogamy,238
arachnopia,421
sauve,132
pulpwood,387
scrawliness,577
vaticanization,145
intermixtly,129
sewerless,148
mintbush,138
tungstate,227
diathermal,273
triglyphal,165
preafternoon,146
anandrous,1445
undersequence,1283
resourcelessness,1804
squiddle,211
conto,3767
uncorking,42402
genuflector,4094
uncledom,160
gandhism,349
laurustinus,357
frow,356
extrasystolic,599
jacchus,211
charisma,160
acrasiales,312
octofid,310
berberid,1603
centraxonia,359
morned,274
homoeomerae,176
hyposynaphe,131
zincographical,278
cryoconite,199
riverscape,274
heady,340
dialogistically,138
disjointure,278
beata,366
hyperacidity,246
underframe,133
trautvetteria,280
priestal,123
cutleriaceous,139
subcontractor,578
streel,322
impeccance,1493
precipitable,607
onwardness,292
tendant,265
sericicultural,192
hemipenis,1695
otomaco,253
grammaticize,290
hurkle,266
imperialness,172
cerasin,702
raffinose,183
benzazine,133
eupractic,687
shrinkage,183
stamping,528
reladen,201
superalimentation,1568
adscription,200
christendom,1326
physostigmine,301
gastrasthenia,163
hawseman,226
alberta,205
mnemonics,132
wieldy,230
rotary,240
regalian,179
esoterica,152
sheepkeeper,150
oecumenicalism,129
turioniferous,181
hierarchy,299
wretchlessly,158
bipartisanship,148
splenial,238
glacieret,224
perambulator,201
markless,219
monostrophic,161
scholarian,892
categorically,2822
unshredded,179
glottological,3271
trustworthy,1214
proinnovationist,10921
noctuidae,544
anisopia,436
immanifest,172
skopets,126
herniation,183
urtica,160
bogo,407
praediality,533
patta,812
moonsail,337
hypoderm,150
matsuri,142
triplasic,134
indifferentist,481
unentire,199
antispace,445
hougher,627
monodromy,509
galvanometry,238
admonitioner,214
spookily,364
cornbottle,449
undiscussable,316
podarginae,199
consanguinity,143
bureau,149
scanic,165
vallombrosan,274
relocatable,211
mugwort,128
prosodial,223
centerwise,163
milksoppery,150
jawfall,553
nodulation,506
politicist,852
ventrodorsally,767
saccobranchiate,486
staggart,833
apodyterium,406
endocrinologist,5108
miglio,235
ditone,954
oratorian,571
homophonous,388
countersecurity,222
marvelousness,1186
unattaintedly,182
condign,590
scheuchzeriaceous,180
convincement,1004
enbrave,773
ornithodelphia,270
myxomatosis,140
musteloid,154
melastomaceae,584
unmarching,143
traverse,156
wavellite,176
allen,693
creaght,187
gout,378
subbrigadier,149
compose,552
hackingly,177
transbaikal,141
yukkel,220
thingless,151
erythrogenic,176175
coccygomorphae,294
rosetta,2879
lutraria,3182
aptian,802
evenblush,304
unpenciled,144
heathless,451
multilobulated,830
psychrophobia,310
ravindranath,1174
rhipidistian,278
pastoral,470
indophilism,1471
zamboorak,1220
hippeastrum,199
odontostomatous,403
lambale,141
esophagectomy,1059
unstaveable,207
melolonthides,182
nursedom,358
airpark,117
twain,206
blennostatic,796
unispinose,554
sylphid,130
unwaked,177
coelect,189
danian,159
superparasitism,154
backwater,227
fallible,165
targumize,175
polynucleal,137
unignominious,183
concessor,246
brill,1007
paralogize,13357
misaffected,2831
neuma,803
hospitality,3220
caftan,678
sluice,724
holcodont,386
antiphrastically,496
overblowing,1750
echoism,655
rhamnohexitol,1039
seilenoi,271
procreativeness,298
slimmish,171
subchela,177
panotype,135
infecundity,134
leprology,281
gundi,587
toggle,230
unstaffed,196
erythroclastic,513
micron,184
amniotic,419
unaccustomedly,250
stinkingly,223
subdolously,148
archdiplomatist,469
salineness,152
introductive,134
cognateness,128
nopinene,252
jicarilla,4258
sac,5189
aftercare,165
caliburn,6267
outgang,5300
derout,545
calelectric,604
physalis,3721
whalebird,282
crystallophyllian,1369
irok,744
kinkle,436
disturbed,412
doc,172
fluctisonous,1427
sartorius,818
overmild,449
polyneuritic,155
ratiocinative,310
toxaphene,188
aryballus,129
supervisance,154
stewpan,133
unpraiseworthy,377
stereotomist,143
mastauxe,216
photosensitivity,129
libber,270
brutedom,104
antemedial,321
uncope,255
telegraphy,252
butcherless,390
watchingly,270
platymeria,1022
effigiation,1225
oxyhexaster,4412
ephraimitish,662
dorsilumbar,460
radiculitis,158
uromelus,4343
keratode,190
hagride,2820
collectible,505
feebleheartedness,1463
avalvular,279
toryfy,357
ferret,213
sannyasi,200
quatch,237
schematically,299
antonella,571
riverwash,132
inappropriately,351
tetrazone,743
rabbity,150
unadmittably,216
delphinapterus,243
miteproof,189
moravian,163
majorette,208
saiid,169
participantly,196
involucriform,263
mattedly,146
lasset,144
placer,149
thigmotaxis,206
convolvulic,202
deprecable,164
round,11474
unspiritualness,3900
alectoridine,432
araneiformia,1269
chemicoluminescence,172
bartending,1409
interirrigation,2407
overboil,154
scotophobia,891
frimaire,1061
genitor,263
eugenism,241
council,951
coccerin,249
planless,145
draggletailed,799
wen,153
aquage,327
distant,351
conceptacular,474
gillbird,371
praxeanist,205
reprivatize,806
knifeboard,547
mumps,167
interpetaloid,151
impeccability,238
ineptness,275
superindustrious,274
buncal,527
antiphlogistian,262
basiotripsy,199
counterpoison,237
treacle,227
belam,192
prayermaking,225
tideway,239
latinitaster,158
lockmaking,143
carbonylic,130
flinchingly,147
ornithomimus,202
nudibranchia,372
demivol,198
lawful,140
execution,3023
abkhasian,1124
dishellenize,247
perjuriously,1730
jerker,1691
beerbachite,490
tornade,132
outspin,869
zonate,162
gaol,3058
weaved,143
bubalis,771
conchology,353
schizaxon,235
gemauve,1306
menorrheic,194
hypothecation,504
fettling,159
aglossate,236
undecorticated,530
plurilingualism,161
nothing,283
aplostemonous,165
reconnaissance,391
parablastic,145
quinotoxine,150
coprojector,173
horst,287
oxozone,165
prepontine,134
craniad,149
capias,214
subaeration,167
pneumotomy,143
organography,1859
softheartedness,420
adrenolytic,137
aphroditidae,155
urachal,440
potstick,272
niyoga,172
trudger,718
autoclastic,278
leaky,411
sherifate,327
panoply,791
peritropous,4061
blighting,359
olneya,357
unplaned,607
indistinguishably,316
trickling,230
pseudologist,337
foreassurance,282
spearhead,181
lagend,225
photoheliograph,266
lotebush,151
mangonize,164
anele,194
malaise,363
dancingly,214
heteronym,239
dilacerate,164
angelologic,166
flyblow,274
gingerwork,231
neighborless,151
fifteenfold,321
crowkeeper,157
dynastes,175
episcope,168
devitalize,392
eleutherism,368
perbromide,161
casco,147
subcarburetted,1609
people,2551
abacination,901
ludification,442
periodontologist,3010
adhere,3622
sacrotomy,307
hippocampus,386
mayeye,161
multimacular,444
intercanal,236
unsubmissive,378
lackeyship,266
alismaceae,385
pyrophorus,147
spanioli,241
injelly,1847
sainthood,1193
anthozoic,397
hornwood,165
propugnacled,435
unrecommendable,224
caryatidal,138
prosopically,307
microradiometer,136
culiciform,169
ubiquitously,187
celestiality,186
unlusty,204
tenuistriate,160
pastor,172
exacerbescence,193
methylenimine,155
foreclose,171
rattlebones,309
prefrankness,139
overinvest,214
isodactylous,891
preprudently,4329
constat,1014
hendecagonal,3381
reconventional,182
crenated,148
homebound,3201
misfaith,240
unpliableness,197
lichanos,654
parathyroidal,397
dartos,173
beethovenish,2044
acetometrical,348
unkinglike,645
heteroicous,271
envision,767
extinguishment,127
opinionatedly,1138
unelectric,340
moldery,152
subdorsally,279
renumber,219
thrombocyst,167
urva,516
uncommemorated,572
photometry,158
sunlamp,606
perisphinctoid,149
suboperculum,217
ephyrula,138
didepside,209
temptingly,127
demonastery,587
sultanaship,4253
braggartism,703
hideland,3589
elastomer,173
inducive,530
crackleware,572
reattendance,177
toadish,247
epithetical,434
perichoresis,1023
recontinue,1700
paiwari,761
hypersplenia,374
hydroforming,1062
ctenostomata,313
extralateral,347
arachnida,244
amort,765
gynospore,159
flandowser,247
entoptics,341
nonbreeder,515
figurate,171
fogydom,581
setter,384
outsift,290
deadishly,250
exfodiation,248
semeia,193
sabina,252
reedplot,226
furcate,183
unconceiving,169
treasonist,194
thereologist,137
enjoy,136
autobasisii,312
cerion,189
eu,139
strengthful,4980
subultimate,70437
isogonal,137
allegator,3282
unappoint,701
columbid,449
monomerous,2125
pavia,440
unshaken,150
detach,917
repurify,216
singkamas,135
bahan,724
kabardian,250
momotinae,1939
paranthracene,227
huthold,139
proofread,391
antipleuritic,320
magnes,873
procreation,258
spready,692
hippomancy,152
prenumbering,179
cambeva,123
precrystalline,161
unmincing,153
supersaliency,192
pericardiolysis,175
germarium,452
hemochromogen,193
intonement,710
spellbound,241
cordwainery,324
semicomatose,624
symposiastic,141
confident,181
raphide,262
reimbushment,184
swanweed,533
portlast,2540
trombony,488
popliteal,469
puppyism,2394
photochemically,908
salesperson,659
phytopathological,152
apiculated,1276
nonutterance,224
symmetalism,489
cytosome,182
leadwort,144
overjocular,649
prehensile,169
guideship,291
zosteriform,558
aerobic,874
metreship,206
outbreath,202
redesertion,2939
dustee,181
barred,138
pseudolunule,257
voluntarist,221
subdividingly,265
aril,424
melogram,262
mycelium,155
beckoner,484
flourish,196
indocile,307
entocyemate,163
unfriendliness,193
buscarle,288
basilissa,205
sympatheticotonic,215
nearctica,413
larigo,247
hypercholesterinemia,185
marmite,204
overtrader,308
cryptesthesia,422
lightener,164
necrophile,190
shrewlike,217
almoravide,279
gorkhali,128
nongrass,148
unensouled,156
tridentate,155
reindicate,277
aspermic,3000
virgulariidae,577
figurer,982
unsprouting,317
thaler,311
historiographic,209
entrap,1245
prosecution,165
hatful,966
homoblastic,600
rachilla,1618
reweaken,218
equiparant,2145
melancholia,484
unrancid,395
spatting,154
unmastered,305
proarctic,1191
muller,365
jon,492
amasthenic,326
packcloth,925
connective,172
astalk,196
theophilanthropism,193
calf,125
site,155
microcolorimeter,620
globy,521
sneakingness,132
fourierian,614
anthocerote,231
alosa,248
intralobar,758
lophophorinae,323
unveiledly,568
gumflower,145
deerskin,132
aloof,273
typify,285
ailanthus,228
unreputed,129
pyrocatechin,191
supraposition,122
waldflute,228
ringleted,215
rifledom,123
crossness,136
metameral,119
metamorphostical,126
crinula,4921
anenterous,207
subflexuose,208
ball,1161
prenight,3034
unapprehension,708
apyrotype,272
meniscotherium,443
housekeeping,178
unfeedable,183
wieldable,134
doating,211
grandeeism,235
deamidase,252
demarcator,535
lobose,621
tracheolaryngeal,197
ailuropus,373
acer,1247
bicentenary,274
cajun,194
judiciously,184
multifariousness,232
antecardium,194
unduty,506
backfire,279
neomenia,239
upleap,210
martian,174
governability,154
rhizomorphous,171
pursed,176
besmooth,211
nonespionage,241
goosebone,213
unrove,222
dicranaceae,175
insulting,178
uropoiesis,275
unpernicious,211
undenominationally,267
pippy,179
biocoenosis,204
postmedia,197
cenobitically,346
polytomy,19150
auctioneer,1376
woodwax,3116
neuroticism,131
synaxis,268
spermatoxin,3214
lightweight,626
romanticism,2995
produce,220
postscutellar,241
notommatid,140
nervomuscular,299
shakti,157
polychromism,1302
sprawly,239
corporealize,1046
reminiscential,132
quercite,439
osteoarthritis,232
quirksey,439
erne,168
multilocation,149
crowstone,143
arboreally,126
cerastium,291
unanimate,183
meatiness,229
rehearse,634
lamiaceous,256
warmthless,351
ratanhia,163
infrabestial,159
dogshore,169
windfanner,164
overfearfully,231
unctorium,144
unmollifiably,416
hieraticism,520
outwish,699
bopyridian,192
bombycilla,2786
hypothetist,229
vermiculation,338
loadpenny,410
uricaciduria,801
pert,421
sweatiness,1168
nonapposable,376
steamboat,685
sleepingly,778
numen,318
clarabella,155
tercentenarize,505
divagation,145
unfledged,194
impinger,762
unframed,301
petre,184
infrustrably,285
supraspinal,304
batterdock,153
thugdom,145
amphibia,157
sulphonphthalein,181
saltness,262
mirza,140
jacami,247
bemole,198
lutaceous,158
carborundum,138
cosh,440
sinuatopinnatifid,128
apopyle,181
demagnetize,143
gerasene,132
proacquisition,188
colorimetric,150
tilde,187
apache,917
muscovy,164
impersonalize,4752
howbeit,1437
kit,633
tunicless,197
serofluid,112
hotheadedness,1346
shoddylike,195
merula,180
puritano,1404
tarsotomy,493
bossdom,2801
recalcitrant,331
ultraist,223
vesicosigmoid,400
uplying,469
pegless,230
vesiculary,194
dragged,176
exoticness,418
acrostic,192
beatification,150
autosymbiontic,257
castigation,407
pyriform,131
roter,283
tutwork,218
prehensor,133
orthochromatic,162
tetrasporous,148
unchid,180
congealedness,458
demiassignation,224
remerge,138
unanchor,157
resonate,162
pejorist,139
pauperdom,328
homelily,162
freethinking,215
munychian,194
unspringing,184
overpert,226
vet,565
sulphitic,122
historicocultural,746
rhizoma,181
interparliament,1384
speiss,299
russifier,704
rootcap,117
terrorization,330
theftproof,348
brachiostrophosis,402
subangulate,504
reattack,137
falerian,1975
sireless,248
inunderstandable,149
headender,174
ectocarpus,461
staurolatry,615
khotan,143
maziness,212
sabbatary,529
multinuclear,147
plenarium,464
gainturn,271
paal,161
segmentate,331
purasati,495
epithalamion,149
recommendableness,941
calibrator,150
typographist,164
coctile,133
zoophytic,149
sidenote,137
negativity,239
langle,206
whewellite,207
subpolar,410
intercardinal,226
unbeing,388
mazeful,186
unhastened,213
underdistinction,154
bewired,331
shoya,1455
oenanthe,259
penthouse,9572
onerative,1875
parallelopiped,698
myrialiter,24567
undivulging,2025
newfangledism,1400
pomposity,857
bromol,2912
alkekengi,480
howk,420
bathrobe,1086
riksha,821
repugnatorial,218
galloping,583
salvifically,347
unsmokeable,858
subbasaltic,1251
balsamo,338
reassociation,423
junglewood,569
thorned,232
thalassian,361
unsonsy,600
anarthrosis,175
unennobled,310
preindemnify,156
tangipahoa,171
hemostasis,216
bargemaster,148
nettle,158
inkwell,166
ventripotency,187
thoracodynia,141
deductible,203
hydrarch,148
uncongregated,161
daraf,209
araliophyllum,155
discontented,132
tradership,166
virulency,161
gaselier,660
misdeal,157
clausal,347
beartongue,1673
sexivalence,1213
nonsmoker,959
irregularism,537
axisymmetric,195
lowth,169
ampliate,216
promissorily,1523
arseniureted,152
swannish,597
transship,529
tenne,145
irreverentially,173
retation,193
parallelizer,146
dermatoplastic,157
bicursal,211
whizzle,436
shrivel,229
rickettsialpox,152
oxyberberine,201
unhistorically,158
adventuresomely,177
firefang,227
vampire,145
unobstructedness,160
gloriation,170
smitch,300
dudine,155
alids,227
pseudomorphine,45951
inoxidize,81273
floggable,246
malconvenance,409
kinetomer,409
sinonism,1844
ciminite,471
module,142
reauthenticate,342
anacamptics,299
dogtail,3542
wayao,287
piscatorian,1307
supportless,480
primarily,407
trialism,656
have,146
polariscope,960
clayey,1109
voluptuary,355
payagua,220
interparietale,141
bacteriostatic,236
epigrammatist,287
nunship,306
mesovarium,136
frankpledge,588
desynaptic,150
epigonal,317
cataclysm,193
eyeline,217
dextrogyrate,157
unpeacefully,234
speckly,213
defalk,198
unexternality,158
chromoscope,179
untrickable,3759
compter,2090
pallidiflorous,315
myxo,143
kindheartedly,295
apocynaceae,600
conferment,244
pubescency,235
uninitialed,343
christiana,149
deviation,577
unsweetened,292
auripuncture,538
precoronation,170
owe,335
puture,163
aeroenterectasia,176
gullion,195
fluidal,455
gregarian,142
longan,162
unpedigreed,264
batule,223
paterfamilias,152
carara,220
vitalizer,253
katacrotism,159
unrepulsed,154
cochleated,152
eidology,176
pillory,2637
ballyhack,270
arthroclisis,1588
bedscrew,2310
ammonite,1919
unsinning,179
towline,2230
vertible,785
monodrama,3545
preclassical,2274
monophysitical,767
chypre,743
ironicalness,233
wrothy,633
probeable,288
cucumiform,380
pangamic,576
predesertion,475
hippopotamus,321
crankless,165
partitionment,177
amba,696
moosewood,226
besmouch,134
paracystic,937
fornent,127
sunweed,163
turbulency,167
restrap,188
sticks,192
thereoid,372
enallage,326
unrecreated,390
tiderace,350
untranscribed,322
europeanize,143
didapper,241
featherwood,160
ricksha,12408
cephalanthous,856
unripped,4360
thersites,598
phobiac,1371
serovaccine,309
transpository,1992
toolstone,1176
eulysite,2610
posthumus,216
clogwyn,208
ignipotent,147
unsesquipedalian,171
gladii,126
claudian,620
unstore,499
diploid,370
uvalha,158
glyptodont,330
prepartake,499
nitrometer,324
waicurian,776
uncost,800
encyclical,176
disjunct,408
roric,217
scanmag,132
gaetulan,180
preventive,138
boat,324
ventilative,104
unaugmentable,289
jumble,134
tagsore,216
octahedrous,161
bolk,125
boanergism,227
silverware,402
ergatandromorph,2086
secrecy,8682
receivership,300
woodsere,923
mylonitic,430
infumated,578
impersuasibly,1080
forebitter,340
homothety,137
unsilenced,1856
dipsomaniac,184
energist,1116
primevity,176
unreal,476
sultane,188
antinomist,256
failure,721
cencerro,342
lincolniana,363
unrammed,260
bacca,287
mentolabial,473
squawkingly,252
clinoclasite,212
leafdom,146
vilhelm,220
stepdame,672
subalmoner,195
iridoplegia,259
undistinctive,144
predicatively,128
leptodactylidae,613
disroost,177
postponement,152
quadricellular,201
ruffleless,154
glossopalatinus,376
schoolmasterishly,139
quadrifurcated,325
arightly,151
silurid,141
unpatched,159
uncommitting,183
pleurobranchial,4547
coquette,26378
indiaman,293
prandial,1325
ballyhoo,1088
promercy,283
incoalescence,533
snakeworm,303
lievaart,318
unsickly,235
stroma,206
overlewdly,203
unicursality,225
chiot,483
pampiniform,212
parted,144
transportative,166
rhea,690
ford,158
partisanship,169
quoteworthy,229
pentacosane,163
reflush,169
whiggify,341
bowknot,156
tulalip,173
cattail,179
cumbrousness,158
commerge,253
hypotrachelium,1291
rogue,242
defiantly,130
flashover,375
gigantoblast,243
phantomry,142
unpartaken,166
leptospira,250
paleoherpetologist,249
ure,187
disnosed,134
headchute,1479
pinworm,1261
epanisognathous,577
scarce,816
acrologue,499
newslessness,446
elide,2397
unsupportableness,388
submissness,150
antebridal,240
astrier,1256
ovipara,166
uroseptic,145
lubritorium,343
photodynamical,542
communicableness,235
triphyline,133
oophororrhaphy,566
seizin,251
nunciative,307
peridental,134
ascigerous,602
unctionless,238
domelike,215
blandiloquence,217
nonpunctuation,1043
ghastily,221
fermentable,185
uncontentious,191
hamamelidaceae,175
lithiate,343
proprofit,139
uviol,132
quirites,138
caracole,247
bipectinated,198
entomic,169
termitic,218
excysted,1241
suberane,2416
florida,10288
monasticism,1173
broadhorn,970
arthrobranch,1688
pulpitolatry,998
glory,818
nonspeculation,836
pannuscorium,394
gentianwort,372
tsadik,1509
tolt,691
melanitic,129
premilitary,175
sidler,1002
unredeeming,161
polymicrobic,314
reim,307
acromegaly,247
muskwaki,163
verbascum,469
autophonoscope,345
tongueshot,221
nitidous,342
gymnotoka,216
millful,452
inequilobed,190
hypermetaplasia,146
temprely,140
shuff,213
mazanderani,178
pushcart,258
rugmaking,179
phoenicochroite,206
parcellation,195
melicent,110
plagiocephalism,1799
supercharged,861
quemefully,1362
microdontous,202
unceased,658
bathochromatism,172
arthrosis,148
mechanomorphic,140
uterovesical,896
stableness,181
tabescence,612
phantasmagorially,232
equilocation,433
pilau,855
hacked,1247
unwarrantability,186
exclusionism,1025
unscoring,211
zoogony,218
doddery,123
soddite,126
confarreation,637
overplay,166
procuratrix,164
chandlery,227
causatively,338
plesiosauria,177
abashment,231
unperused,136
hainanese,146
acidulate,453
electrothermostat,184
consummative,156
unnaturalized,303
spadilla,295
unblendable,160
gladioli,330
autorhythmic,192
wagnerist,1095
noneclipsing,463
cuchulainn,235
atbash,451
necklaceweed,275
quadrichord,409
nonvacuous,679
seromaniac,611
daimon,801
griddlecake,545
laborability,1494
trabuch,1241
gastrosplenic,160
galvanometric,108
wiseacreishness,149
overpayment,735
littorella,491
canarsee,1527
prelecture,152
haysel,896
ruefulness,319
overcompetitive,270
heathy,2064
camlet,268
exocone,378
hobthrush,128
indistortable,207
symbolry,146
tergiversate,239
coupleress,189
wagonwork,191
edulcorate,249
displacency,207
undiminishableness,144
drengage,227
danny,374
diplomate,173
glossing,249
remorsefully,182
odontonecrosis,130
envisagement,164
eclair,425
epigraphist,152
unexpurgatedness,128
kitchenman,147
trepanation,155
abut,351414
mousle,164
antepagments,2624
suckerfish,509
simplicitarian,5629
cowshed,309
bloating,10852
orthometric,943
dipteraceae,1839
electrodissolution,228
japishly,171
computation,382
ashweed,761
anthophagous,650
trubu,427
pseudobulb,291
abaciscus,151
peristylar,291
dufrenoysite,386
ornithoscopist,145
undisputed,159
involatile,211
ebionism,234
pelvisacral,146
bulgarian,199
factorability,389
arianizer,208
overdeal,134
isobarbituric,167
rotella,277
adenization,165
overinclined,513
unirritating,314
oxreim,126
vitiator,353
surmounter,205
biolytic,133
afterbirth,360
provenient,227
peacock,268
adnascent,269
planulate,205
junt,199
calycophora,322
kreplech,147
basset,142
untrippable,356
draftsmanship,126
necessar,152
adenocellulitis,184
oarlop,19926
chiastic,495
interruptedly,760
manners,324
loach,3734
suyog,556
prologuelike,157
beringite,4754
unkerchiefed,151
bioscope,6608
bland,1966
subauricular,175
fender,149
bungaloid,368
sminthian,285
unprotruded,276
hygrophthalmic,899
dismality,202
stevensoniana,396
acetotoluidine,798
arillodium,1199
rhizinaceae,1929
artiad,148
stopcock,577
interrupter,140
twitchet,270
donator,225
pseudoskink,132
sublanate,594
current,323
killeen,191
bharata,191
fandom,190
sinproof,174
chondrodystrophia,268
fabricator,146
sternocostal,204
posadaship,160
explosibility,226
traditionarily,171
bianca,1270
reaware,1583
minahassa,215
heterozygote,2564
inhesion,350
polyphonist,227
adoptional,333
cushion,579
chemosmosis,144
subrisory,172
pollan,1689
haulmy,1696
hedera,3340
bauson,306
berrypicking,714
disentailment,390
palaeornithological,153
adelarthrosomatous,422
legendist,1009
stockishly,1168
talonavicular,201
serriedly,351
tortricoidea,174
pizzle,218
hypersystole,608
porulose,230
upupoid,1013
kavi,260
taurini,198
saprophytic,230
cystocele,443
diglossia,177
burghbote,434
obturator,156
dentally,168
olent,153
numble,304
deuteroscopy,129
pinachrome,945
gulf,203
impassably,156
daunii,137
cineplastics,187
inkiness,139
rajah,131
undevotion,291
servingman,484
organist,199
ratchety,182
decanonize,171
immersement,144
bloodstone,210471
beflap,369
superfee,8137
stereoscopic,1095
outbanter,205
chorus,954
aplastic,1885
undertakerlike,419
phoneticization,1401
soldan,176
legalize,209
monopathy,335
althea,1197
resultful,287
tribolium,257
offend,159
supramastoid,417
uncessantness,205
ticked,211
serenoa,471
unremissible,287
emirate,709
definedly,437
versemongery,384
crea,201
massel,200
dedicator,194
anguloa,226
constrainedness,173
overleave,271
caucho,10404
taxeating,449
menkib,1723
outspurn,213
grouseless,1286
hubble,226
lithontriptist,2271
mumming,192
deknight,202
moralization,353
homocategoric,754
ciceroni,199
caryatic,2216
disgusted,405
siliquaria,1148
vagaristic,582
fibropolypus,1343
veuglaire,315
clinohumite,467
calyptriform,400
optable,523
fuseboard,375
swaggering,234
balanceable,391
myograph,185
cacostomia,533
podophthalmite,493
destructible,236
misdiet,201
neroic,352
unnecessitating,416
coerce,153
stereoplasma,211
precanvass,138
specificality,195
gripman,262
tupman,274
cookee,138
heterically,719
olcha,233
orangebird,206
strophiolated,131
function,202
leatherwood,178
precherish,154
phrynosoma,186
incoherency,155
macrographic,4128
veteraness,1276
accusatively,365
dysgeogenous,6593
oxyanthraquinone,2082
bullock,679
chemung,203
aneuric,351
inequilateral,1243
carmanians,2079
hamlah,1447
dispersement,870
junebud,223
truthtelling,192
birdlime,172
capsulogenous,227
interjunction,226
bimestrial,185
urethroperineal,298
saboraim,509
morbilliform,164
detailist,506
tantrum,416
funditor,157
amnic,166
quoitlike,150
colombin,400
trilobed,150
profusively,164
dada,175
adulter,144
bimaculated,339
bakerless,198
outfeat,241
allotrope,216
balkingly,165
arian,448
unpracticable,240
nuncupate,247
unaffiliation,1330
isodiametric,3699
wheeled,2475
anagua,160
disesteemer,1671
devonport,1145
enroot,369
dunpickle,1987
nonconventional,723
beneaped,761
semifable,276
foreconscious,167
melilot,252
hunnian,154
tropophyte,703
kumquat,263
doric,136
combinantive,187
goosishness,342
togue,367
cofeature,125
sarcoplasmic,261
harebrainedness,225
amidosuccinamic,443
uronic,228
unconstitutionally,174
studdle,232
cruciformly,362
afterhand,216
supercausal,469
rebeldom,236
undertype,475
rotal,418
positivistically,135
erasable,205
abraid,262
inextricable,257
smyrnean,128
nasab,197
inlake,203
unlaboriousness,12698
margosa,557
irresponsiveness,5196
bestrapped,1417
hurtfully,685
anarcestes,2017
unsoldierly,371
archdepredator,294
unintercalated,848
overcarelessly,326
subdititiously,848
calotte,122
homeopathist,1043
osteography,379
preconclude,190
bepaid,657
physiocratic,652
tachinarian,326
checkage,158
sow,400
solepiece,450
unroyalness,687
duopsony,186
misaccent,143
sequestral,160
phrygian,143
hypermnestic,228
suboxidation,272
defacing,214
hendecasemic,182
leanly,120
aupaka,432
otherest,224
vall,108
latisept,394
amurcous,186
plumbless,254
motorman,206
phototherapeutics,184
semicircled,131
inturn,145
ridgeling,50071
tottery,166
polyglot,5427
epicleidian,1027
maslin,544
overrelax,367
afforcement,2217
disqualify,2387
braided,1532
tucuman,1447
overfamed,233
planetlike,245
palatopharyngeus,1603
epicoracoid,381
actinically,367
uniting,395
feer,437
angostura,196
sulpharseniuret,136
prelegend,318
angelolatry,143
pentoic,212
sunwards,207
naumkeager,159
iridium,288
aurific,184
outbeam,497
muletress,236
livability,135
bluebutton,123
aftwards,279
proctostomy,259
spondylalgia,13817
gopherwood,843
ludicropathetic,2947
cuboides,1867
quadricotyledonous,2402
glossorrhaphy,6517
satanship,5952
tobikhar,243
polyspondyly,830
snipish,130
hygiology,236
elymi,550
anatomicobiological,1289
undeducible,336
hypophrygian,422
disposability,301
yokewood,302
tiresome,269
palacewards,519
synchronize,581
spinulescent,142
mercifulness,707
hallel,202
overfastidious,644
incarnant,183
optics,176
uncaressed,559
lodgerdom,189
intonation,250
unembossed,175
stickleback,215
soya,297
otherwhile,143
secundogeniture,399
heptarchical,250
misdeformed,183
oliva,144
thanatomantic,205
melicraton,272
caducean,167
uveous,121
subtriquetrous,146
supercargoship,149
uncriticizingly,7436
conoplain,173
unspouted,130
arbitragist,239
acrology,614
magic,526
quinometry,282
tintie,2705
thyroxine,244
protonegroid,500
coliuria,281
italianizer,264
mesophytism,1962
repin,207
geomancer,1122
seronegativity,381
midrange,737
superalbuminosis,174
encephalosepsis,163
esophagostomy,323
lohana,168
unmalevolent,325
licitation,958
ichthyotoxism,187
tutorship,164
erigeron,466
pyemia,472
overworld,258
unsnaffled,322
callisteia,137
cephalopoda,271
castilleja,166
unfluttered,340
neoteristic,281
interviewee,285
overbought,203
tile,220
holoblastic,170
rurigenous,127
hederaceous,172
untolerably,186
trouper,1032
ubi,281
compulsitor,557
aspirer,292
clinocephalus,452
ectotrophi,142
aurite,288
wafd,155
preceding,1793
boyology,274
holdership,160
sociolatry,153
gardenership,557
anither,885
hegemonic,364
wene,333
godsonship,120
graduality,174
nongraduation,157
arseniopleite,258
uncontrovertable,201
acanthad,131
scratcher,240
cerargyrite,143
dipsacus,209
predelusion,328
urogastric,214
bhungi,1135
greasebush,144
untheorizable,192
poudrette,149
legion,147
dictatingly,120
facultative,822
intended,997
gurgling,16770
derivativeness,1430
flyaway,756
deciduous,463
dyslysin,154
saccule,445
aerophysics,371
cuculine,1147
duly,114
sudaminal,1691
immensurability,169
iberic,399
arkansite,396
outhurl,214
maynt,235
coferment,193
ansar,262
koil,288
gregorianizer,138
intactness,164
discourage,300
univocal,203
atrematous,214
readily,145
ventromesial,164
dispersedly,207
palestrian,173
hypothalline,133
hexadecane,237
byrrus,266
omnimeter,400
ankylotic,341
absaroka,1376
cacodaemonial,3279
knot,2065
shelver,5339
gnomist,2104
nullable,696
trogonoid,967
splinter,631
blueprinter,439
resorcinol,914
arrogancy,209
deaconate,1088
oligopoly,545
interauricular,1039
unveiledness,839
venomousness,148
ataxiagraph,208
ramosity,408
pud,151
rotatorian,240
ampelitic,604
monomethyl,168
unsheathing,194
fatness,463
jemima,282
solipsism,342
unionic,506
leptodermous,181
archicleistogamous,240
kyrie,162
unproportionably,185
crustific,209
thisness,176
eulogism,163
sanche,170
sevenbark,216
passe,821
ichneumonized,153
hyperlipemia,3388
stockjobbing,2738
linguodental,549
botryopteriaceae,488
queenless,286
bluesides,252
anterofrontal,752
kamiya,1283
ascribable,1405
raggedness,992
dianetics,1132
dew,493
installer,294
pilgrimize,1412
cellite,313
hygiantic,198
tumular,466
somatic,413
trachearia,856
ichthyopterygium,195
atonally,256
attainment,191
housebug,135
neocosmic,226
overvote,237
peritonital,226
chiquito,493
reaggregation,198
wowserian,196
unhabitable,198
hominoid,255
emphaticalness,167
bribri,454
nongenerative,348
physagogue,334
assailableness,475
synophthalmus,156
prognosticate,128
overconfidence,214
fiancee,256
helispherical,153
clisere,163
electrodesiccate,188
aleukemic,194
gentleness,159
unadapted,134
cardcase,164
micropsy,47710
unpromising,130
reclimb,586
indeterminative,1801
procommunal,185
unslipped,232
binate,223
nethinim,515
neve,191
protocopper,422
voltaic,357
quench,1755
chunga,360
paratype,528
sulphatic,336
towerproof,1643
juvite,897
subcurate,122
phycodromidae,292
lucinacea,215
sham,781
incenter,231
mandora,299
dissolveability,327
minnesinger,343
slatish,368
seraphic,227
pornographist,257
kioea,126
ennomic,306
radiosonic,184
anacahuita,170
gnomonia,157
vicianose,168
coregnant,133
legioner,171
zephyranthes,199
myography,5998
unmounded,263
ovariolumbar,532
eschatology,8486
prudentialness,712
micropterygid,1388
balt,642
circumviate,4770
gardenable,222
curlewberry,1087
bloomingly,910
inseparableness,214
unridable,210
fanaticize,460
archmocker,263
muriciform,227
polyporoid,3391
initially,184
pycniospore,197
sennet,292
unresting,195
porencephalon,456
ga,149
presumptuous,149
inveigh,349
staghunting,157
characterizer,290
notate,241
unwrapper,167
subquadrangular,119
gangism,209
uninurned,352
enamorato,382
unloveableness,355
tracheolaryngotomy,218
overelegancy,217
reification,148
idalian,170
demonology,172
regard,159
artamidae,287
phrenohepatic,287
honied,347
gangtide,402
preyingly,288
ornitholite,119
contract,151
diuresis,167
lymphopoietic,175
forthink,226
asepticism,11574
spokeswomanship,1706
uncounselable,7268
gurmukhi,3283
gyrolite,14426
supportableness,485
capitated,198
antifelony,2350
limosella,365
plecoptera,135
video,198
onsweeping,161
easel,200
uncrooking,984
glitnir,344
pterygodum,256
spiked,437
lepomis,584
caproate,288
polysepalous,269
mauling,189
rhodobacteriaceae,289
biennia,503
pseudozoogloeal,432
jackstay,361
coacervate,157
frowardly,163
roaringly,129
gritstone,227
interpenetration,241
dinosauria,244
talamanca,203
piroplasmosis,301
woodcut,190
bemercy,249
developmentalist,182
incompliancy,180
steganopod,180
oocystic,157
chesty,410
monoparental,7490
coerebidae,776
stylistically,7003
occidentality,2343
imposer,630
delitescent,435
sutlership,381
johannes,142
eutaxy,635
rictus,223
neurocoelian,1244
keckling,1498
counterboycott,597
beautify,325
putid,483
atticize,215
whinnel,155
receival,254
orthosubstituted,370
tawtie,194
contrastimulation,432
microangstrom,516
mespot,331
predismissory,165
unpunished,334
craniometry,151
flavine,213
irremission,228
pneumatism,260
unimpugned,383
nonpromissory,149
forbiddingness,248
protogospel,193
palaeofauna,215
steatopygic,125
atrichia,11142
iodo,19430
benefiter,294
louchettes,195
undergrieve,258
palmed,670
khan,162
semipectoral,134
attainer,390
adendric,6685
colletes,813
stupose,1496
hank,710
cluff,589
caratch,533
arms,183
egotism,196
genesiurgic,6624
unhomish,434
autogeny,706
acenaphthylene,169
ductor,134
shopkeeperism,342
saturday,279
convolvulaceous,430
ontologic,199
sheer,660
berengarianism,145
langsdorffia,199
fingerfish,205
surrebutter,447
institutionality,677
basibregmatic,414
brazier,143
bodicemaking,296
pyodermatosis,210
pornocrat,229
verdancy,397
recitativo,185
evenlong,150
distort,170
avidous,224
pleurosaurus,449
unsolemnly,5020
subpagoda,12456
innascibility,2147
resistingly,776
osteopetrosis,142
unpardoned,754
trophoneurotic,241
lepismidae,480
goldenback,2620
bateman,328
incongealable,338
nefandousness,166
basote,9309
spilite,229
wakefully,154
festoony,214
chalcidiform,1008
inconvincedly,146
hematinometric,239
doubling,727
reorganizer,430
milan,193
zomotherapeutic,146
colportage,378
bifronted,201
lagena,345
legibility,331
intrinsicality,140
dowdyish,174
shrove,170
saccharum,313
pseudolamellibranchiata,149
medicago,300
cardioscope,155
codon,172
cleistothecopsis,144
elucidation,139
garmentless,430
oxidize,149
reinvigoration,179
writerling,146
graffage,20879
thiostannous,344
unimproved,233
iserite,757
entoptic,143
bicapsular,6376
stellification,186
supposer,202
yowie,374
disprepare,261
picadura,154
torturingly,218
lagostomus,554
martyrologic,118
addlehead,212
virginal,315
bacury,184
edessan,606
undisputably,242
aquopentamminecobaltic,312
rigid,196
orthodiagonal,593
cleanout,161
pennipotent,186
polymorphic,770
knit,128
thysanopteran,166
discerptibility,678
responseless,167
individualistic,204
leggy,808
asyllabia,145
disrobe,221
bedticking,123
reregistration,252
actinoelectricity,191
boehmenism,302
alloiogenesis,170
hemothorax,225
peddlery,116
uneaten,186
thiophene,152
schrebera,464
membranocoriaceous,735
shed,4371
playfellow,6324
consideratively,480
mockground,1044
nonstipulation,3612
histolysis,814
cheepiness,269
hierophantically,369
recept,328
arrowlet,156
arcature,1018
gastroptosia,803
cardmaking,209
kataphoric,175
sciuromorpha,354
risker,197
dissolubility,251
scoliidae,195
emerize,163
unassuageable,159
cly,325
ossein,312
utterance,186
topia,162
demisovereign,178
undergardener,153
blowgun,448
reinstruct,188
wizen,475
imperceptibility,252
grandeeship,149
turbith,173
dipyridyl,191
notoriousness,207
secretly,186
havingness,286
personalty,174
republish,443
thave,1575
wrongless,5719
crotalism,963
guti,199
sideslip,154
evangelion,533
felicitator,382
pelasgic,274
arteriostenosis,384
triumphal,1582
elytriferous,154
lupercal,207
smircher,232
dexterously,588
chained,219
fortunate,179
yawniness,476
boxwork,191
karyokinetic,136
reconvene,172
ungirded,193
intermutual,327
fondant,151
unstitched,162
unbowsome,142
acetopiperone,246
tollgatherer,13258
diabolification,179
soloist,159
keratinous,148
enthalpy,138
econometrics,982
famatinite,715
duncery,707
myelosyphilosis,291
unfunctional,338
deifier,371
prudishly,135
corporas,207
dioeciopolygamous,152
adust,200
cephid,294
overexpand,660
violater,307
obituary,530
algenib,677
chayote,440
ma,197
planiscope,400
loganiaceous,414
pathic,317
choller,532
coinhere,352
disembody,123
unlockable,242
awfully,279
cometlike,373
wapacut,142
ungainable,139
tamacoare,6534
radiolocation,33349
immodestly,108
cinematical,2858
brownly,2411
bandicoy,217
rota,8094
tropophil,8218
hah,1306
nondeceivable,9893
forepayment,1988
crumply,399
appledrane,503
unconceivableness,169
entocondyloid,621
spendless,1641
intramastoid,407
clatter,186
diglyphic,164
cogglety,526
holotrichous,399
eulogical,447
othake,188
climbing,162
hyponome,417
class,198
bromomenorrhea,110
bisiliac,151
truncatellidae,466
predecision,577
tentacled,141
sweet,187
mezentius,166
unacquit,270
advantage,197
unsticky,180
loquat,490
violer,165
prefatory,180
wineberry,275
ameliorableness,142
clites,157
pernoctation,812
uncinctured,3351
landownership,154
tulipa,150675
unsatire,294
besottedness,341
assurgent,256
duranta,794
telekinematography,254
seismotectonic,427
conservatory,233
battakhin,830
archworker,693
ivied,143
aerotonometer,323
octarchy,157
effusiometer,2448
nephremphraxis,192
bismar,363
shellful,309
sorcer,585
epidendric,337
nervuration,190
gambier,203
precipitative,188
unfact,155
scoptical,432
homaroid,380
fathered,187
mistiness,534
peristoma,234
gyneolatry,155
anomaly,175
panjandrum,187
gitalin,235
lignosity,1000
honeymooner,122
ottomanism,225
squadrone,154
hima,164
leander,160
cashew,151
rhinitis,220
adpao,161
postjacent,298
harmonite,268
daughterkin,151
outdance,214
chainette,689
chiffony,506
monoclinism,521
oysterwife,461
spiral,471
karaitism,244
threadflower,248
rarefier,2158
meantone,463
disodium,322
pouchy,358
unperfect,247
fireside,400
jeopardousness,710
tavers,181
gammy,451
bornite,209
nontypicalness,293
tania,648
behoney,431
spanghew,611
turjite,247
undowned,181
bacchides,188
criminaldom,125
anaesthesia,289
neoplatonician,366
guacharo,221
sexed,154
lawnlike,155
epiphenomenon,201
monander,300
cristate,208
dasi,174
shilfa,154
varronia,164
heteromerous,171
periphrastical,143
mogul,9275
silique,570
irrespectable,1309
scabbiness,1261
regenesis,1483
tripsis,552
binding,3633
intracutaneous,173
upprop,222
uncondensableness,559
pithecia,494
unthanked,282
squareness,346
moorishly,197
elydoric,557
epiplastral,215
pleurobronchitis,465
hippopotamidae,196
osteosuture,932
incommunicability,288
summercastle,584
overrichness,181
nymphly,385
tabbinet,235
nonvitrified,228
procrusteanize,116
iolite,209
interventionist,175
tetrasubstituted,312
unproffered,169
schizophrenic,195
rationale,230
meticulously,175
interministerial,138
laudation,150
synantherologist,133
chuncho,136
bigamy,136
photolysis,4485
bagwig,253
triodontoid,151
sarment,1455
unearth,9667
nitrocellulose,3434
unlathered,471
canthus,211
shocking,368
scoured,177
placuntitis,1014
orchichorea,159
abeyancy,837
nonwhite,158
modifiable,304
dilution,590
sparkiness,178
creditorship,155
pyrology,191
trilinolenin,154
neuropteroidea,302
violinmaking,169
altimeter,181
doocot,222
opticity,163
gelotherapy,144
fastidiously,174
hagioscopic,150
orthophosphate,251
keelson,141
wharl,306
threatener,133
filoplume,164
apian,248
magnetometrically,305
intermix,163
canavali,159
turkophil,484
begoniaceous,2349
unrivet,132
mortise,2339
insurrectionist,563
zonation,838
readjust,127
amphibole,143
hector,575
subicular,141
injustice,749
marcia,2053
bay,1318
hiate,929
hinoki,872
overfunctioning,142
ducula,299
amylon,3267
antepalatal,815
hypoaeolian,252
ophthalmostasis,1036
sclimb,3069
swiftfoot,329
diaeretic,261
loimic,416
unreligion,260
scyphistomoid,268
cymule,358
aerosphere,185
taro,395
galoot,490
accidie,920
hemiatrophy,593
monogrammed,337
engineer,220
alkoran,304
upblast,327
superprobability,174
trabeae,212
impassionate,243
decurvation,138
sussexman,163
coronership,151
dissentaneousness,182
tehuantepecan,152
whitecoat,134
weazeny,5626
pezizaceous,216
thirstland,1137
fishworm,3805
santon,157
cassis,296
lophotrichous,683
metapsychism,149
pargasite,387
sweered,482
buccula,375
malonate,276
secreta,1337
truster,161
matra,144
peritoneotomy,152
tridimensional,175
lophiomyinae,141
puritanlike,169
deadwood,276
overrusset,123
uralitic,290
prosuffrage,287
solfeggio,350
paparchy,340
electrometallurgist,180
epanalepsis,233
creation,465
strangerdom,203
unarrayed,426
codices,612
hattock,353
bargelike,117
cuprous,270
enteron,237
embolize,217
tripudiant,150
stirrupless,194
scrawler,209
jama,139
pseudoproboscis,2034
unaccommodated,1006
interally,1104
uncoveted,896
leiotrichan,158
cantorian,161
salicylous,3038
unweariedness,2339
spectatorship,770
lineated,5654
disimprove,147
streckly,337
unextinguishableness,150
reoxygenize,320
immutable,158
compassive,692
atrepsy,454
practicable,1689
buddy,282
misogynical,354
fiendfully,136
conoidical,445
gallicizer,153
moment,139
astringer,134
camisard,153
decalin,208
ratiocination,260
firedog,166
glimpse,198
ferociousness,171
curbstone,272
untransmuted,172
ichneumonides,266
carpium,218
echinacea,216
alabastrum,148
samskara,251
farthingless,136
abortient,215
auxinic,263085
spectrometer,255
subradical,2046
subsynod,3567
subirrigate,779
actinomycin,176
benzodiazine,735
rhinthonica,9576
contrive,428
ellagitannin,274
soldiering,257
boothite,141
sufflamination,1391
rapeseed,1915
forced,1863
underlaying,253
anonol,373
unstaidness,374
exotic,1190
paleostriatal,762
nutty,421
unwayward,234
subjectivity,334
damsel,335
sougher,566
pseudoperculate,169
small,1359
basidorsal,654
pertinaciousness,625
osteoglossum,182
colosseum,146
interplacental,308
interrogatory,277
daphnia,157
devolvement,143
batidaceous,181
pickthank,158
merostomatous,133
unfleshliness,185
admonish,162
middle,212
statistics,191
ahtena,1106
longitudinal,442
metatype,180
cremor,758
flamingly,283
plicatile,4807
pictorically,2501
concurrence,215
scoliokyposis,264
polygenesist,144
nitrocotton,1175
homerically,1103
chebog,168
archly,288
chronometry,160
klipfish,603
cassida,206
annotative,550
yirth,133
inutilely,175
elric,601
limo,962
sklinter,229
skime,831
arthritical,188
reduceableness,971
conjugant,136
reprivatization,199
parabola,250
plebiscitarism,843
ministerialism,136
immanes,290
disenchantingly,143
bedazzling,147
warf,144
stivy,161
sketchingly,249
plodderly,315
venditate,370
mouthroot,163
dopper,178
hanif,148
shortchange,177
handelian,159
misreader,136
barefacedly,134
reproachful,2248
achromoderma,276
leiodermia,14458
disesteem,454
oratorize,2305
erythrin,3033
arabicism,1535
movingness,412
unsympathizability,1955
siderous,278
simulation,133
sweetwort,213
trespasser,331
irreticent,297
heteroproteose,1131
subdialect,303
limy,191
spheromere,457
unbedaggled,479
twisterer,415
tropacocaine,252
abdominocystic,294
mirabel,153
unterraced,216
safrole,202
practicalization,432
unphoneticness,131
bragite,153
renderable,175
nonleaded,140
onchocerca,182
cumaldehyde,323
weirdwoman,177
subsemifusa,182
locale,146
jacobic,414
copatroness,3186
subcantor,1383
pentecostalism,35342
uncorroborated,211
nonperjury,990
scheuchzeria,821
conacaste,408
pyelograph,3953
summital,148
antioptionist,764
leprous,1730
dorbeetle,232
tolylene,151
capot,208
footstall,677
myodes,174
subedit,1417
privateersman,251
critic,399
nonmodern,206
barrowful,416
moosehood,125
hypothermic,456
denominational,145
adamellite,466
ochro,393
kate,238
counterattestation,310
unappeasable,162
careless,215
zax,243
methodizer,147
frustulent,128
precontemporaneous,158
subvirile,288
topknot,18209
godhood,329
funnel,158
courtroom,1842
disinfection,479
honeyful,1141
hodograph,883
lifo,134
harvesttime,305
unfailable,554
asparaginic,567
assister,746
polyodontia,253
beamingly,444
sacrorectal,952
precautional,236
ypurinan,435
automotor,541
chukker,283
epicentrum,432
annihilate,281
lalang,138
adjudicature,375
splatterwork,240
monoplegic,191
strelitzi,140
dislocatory,289
dihydronicotine,244
alkide,246
batteler,439
hinderance,125
raiidae,164
autoerotic,195
infusionist,162
besnivel,247
fierasferidae,127
ungospel,571
vineatic,193
amarantite,294
prestore,1135
perpetualism,870
insensibilize,152
opsonic,454
gebang,268
preharden,663
scrupuli,947
epsomite,330
trichlormethane,308
lifeholder,714
berkeleyite,1153
ecchymose,267
once,366
shorten,407
schoolteacherish,194
calabrese,1905
semantron,4960
hobbledehoyish,843
porker,380
antagonism,819
misguiding,199
presuperficially,160
mazodynia,678
bradenhead,413
ovarin,172
influential,422
sawwort,226
hogship,130
kinesiologic,155
sports,168
help,196
scotograph,184
cleistogamic,230
protohematoblast,238
semipalmate,175
relick,216
scraze,149
thiasus,172
sagacity,137
endosecretory,134
maltman,2048
titanic,1931
unbreathable,414
chiseled,410
amphitheatered,148
empyreuma,166
tilth,639
cassowary,168
cangue,225
superacknowledgment,183
thaneland,816
western,256
nonya,546
angiotrophic,214
wally,161
pencilry,258
mellisugent,143
becuna,300
caeca,171
cementmaker,273
nonefficient,156
chiropodic,677
chromomere,189
anthraflavic,127
scribblatory,2551
subacidly,518
burp,188
gurnard,343
effeminization,2084
helplessly,161
gram,763
excentrical,143
antecedaneously,145
bung,476
surcease,163
attainder,180
melicitose,863
categorize,633
nomenclative,107
declarative,169
spar,1215
hepatomegaly,1058
handmaidenly,680
sarcomatosis,163
outhasten,156
grolieresque,125
concessioner,174
primely,158
impudency,180
sigmatic,126
pictoradiogram,178
cantoon,250
cucurbitaceous,182
fruitworm,165
stir,125
delate,198
saltorel,185
abbacy,1514
bushelful,10279
degeneration,3933
cantharis,2939
monaulos,7653
unobjectional,717
clamatory,1314
madonnalike,588
tidingless,4005
role,350
centrolecithal,358
gastralgia,1394
brachiocubital,281
quoddity,422
gatewise,1656
snuffless,679
troglodytal,605
aldehyde,2175
telpherway,202
philosophling,159
intercollegiate,452
anglaise,277
vortically,1975
proal,103
chose,123
goggler,139
dragline,187
moric,175
sairly,250
lepralia,379
prescription,152
durbachite,136
titivator,168
acidly,203
doppelkummel,274
ammonolytic,153
antihysteric,322
nock,393
peritonism,250
precondylar,561
transmutationist,194
snitcher,629
consultant,129
syncarp,175
blackfisher,287
misology,202
inductivity,268
pedalism,139
prosupport,206
snaffle,5775
lilyhanded,514
ascending,817
liparidae,834
weedlike,157
anthropolithic,166
gastropod,415
formularist,151
choriamb,335
cozy,485
sigaultian,184
urticate,1367
strigidae,440
preschool,512
gradgrind,528
indebtment,388
sciophilous,1086
smouser,186
kinetographer,196
falkland,348
unexhaustive,325
deprovincialize,386
unadvertising,524
nephrocardiac,251
cloister,147
artlessly,849
templize,160
felineness,2544
mactation,132
baralipton,655
paraplasmic,173
reciprocitarian,138
chora,304
globoid,339
bygo,191
pinacolic,264
woodpenny,174
pinning,217
acetylrosaniline,296
unsociality,171
trio,285
sigillographer,189
midmonthly,390
unpealed,176
ludgathian,20090
philobotanist,194
piddler,1472
eyrir,524
dactylopteridae,269
workingly,2628
winery,3374
unrejectable,181
sunway,6830
atlantic,4501
comprehense,259
endopleurite,471
cyllenius,961
isovalerate,913
tonometer,156
qualifiedly,228
fogfruit,830
noll,158
enterorrhea,131
opportune,137
vocationally,611
acroanesthesia,345
hematozoic,1034
trichiniasis,173
coassume,149
diplostemonous,190
astian,131
unchildish,426
seavy,1253
cytogeneticist,509
arborist,166
vinose,420
grieflessness,231
danite,147
odax,132
fretwork,412
clinometry,140
oligosyllabic,611
pedated,125
jakes,171
alveola,181
locker,193
underclerkship,393
physiotherapeutics,200
groundbird,182
benefactor,209
bungarum,132
teen,147
earthboard,133
cassie,158
teredo,149
hibernic,291
intercrop,977
erythrocytosis,821
matterful,213
petrologically,11069
cynaroid,459
searchful,392
nide,2019
gynocratic,135
village,183
baresma,424
overspeak,292
fluentness,240
tou,258
hypochnaceae,1640
monopodous,168
graymalkin,151
surroundings,692
forerehearsed,162
backwardation,626
disconsonant,577
biunity,534
unless,166
slimishness,905
theopaschitic,236
procoelian,169
paster,208
rhinothecal,258
excipular,975
solferino,281
understay,213
yakattalo,199
something,168
bucorvinae,337
lumbovertebral,265
homogeneity,331
unemaciated,156
waddlesome,161
antitax,276
irrepleviable,152
messengership,258
dantophilist,198
rectoress,137
semibarbarous,154
ministerialness,152
hutchinsonite,184
photographically,183
portray,2635
bearder,7641
teasler,963
hebetative,171
common,348
elocutionize,313
enfamous,242
overcredulous,199
frankness,816
hoarder,942
mainstay,394
venenation,183
inflowering,409
weary,164
windesheimer,161
opprobry,188
noddingly,145
eosinophile,192
seatang,305
deadlight,164
racloir,132
wrig,172
illipene,171
cinnamonroot,203
trochal,155
thitsiol,169
dipper,176
antidromically,388
thiefmaker,270
masterer,186
ethnologer,314
sertule,161
stockannet,133
plower,156
enneahedral,205
psilanthropic,153
protospore,124
ostracea,223
coprolalia,590
acetanisidide,2776
precontributive,6130
garnets,15567
pairer,577
isoasparagine,143
cheiroglossa,1582
platystencephalism,128
triangulate,257
fetterer,618
conidium,194
subway,140
metaphrastical,252
feere,273
inodorously,150
overpartially,197
chondroblastoma,453
ureterostenoma,1022
sinusitis,761
drogue,133
mallow,522
cachinnate,206
lumpfish,292
hematopexis,140
feudalize,243
mechoacan,211
chromoptometer,203
ambitiously,170
deice,485
bristled,135
brutter,189
hygroscopic,156
intersolubility,189
brachyskelic,140
parous,191
foresettled,11946
chymotrypsinogen,2575
freshener,1030
turbination,288
distinctly,2103
megalerg,4048
ischialgic,2668
hyperglycorrhachia,1547
begrace,139
naish,2418
surrejoin,1020
longobardian,1013
subunguial,1120
interlamination,147
scolytus,714
semestral,176
development,168
appointable,255
traject,474
cloistered,256
mystifyingly,463
denyingly,193
definitiones,210
herodian,425
alchornea,166
chawk,545
trappean,383
perisystolic,340
regiminal,160
beeswinged,181
trysting,445
downfold,183
adiposeness,241
strey,143
hypsiprymnus,218
croaker,152
psychrophilic,184
narcoticism,159
baptistic,151
unwearing,121
squamosity,124
sandemanian,1835
imitational,11741
scalpriform,1898
barkeeper,858
overfranchised,306
wheyness,2543
diaboleptic,205
enigmatization,571
kiblah,362
bakutu,809
superclassified,133
duopoly,131
telecinematography,643
counterquip,175
overunionized,537
wodenism,228
alfonso,250
osteitic,232
emunctory,153
goop,138
paroxytone,215
nutramin,238
orrery,485
hemipode,142
corneous,344
cevenole,197
undervalve,266
rantock,153
glyphic,229
atomerg,356
seagirt,312
overtedious,163
undercry,205
cowpath,157
schist,181
updrag,195
rotatory,143
gluneamie,125
nonmalarious,134
preindispose,209
puthery,297
ji,23936
sphenobasilic,1424
secessiondom,576
ametrous,2884
overcomingly,2558
sond,1023
infolding,5729
termes,13434
filacer,1350
vorticellidae,1018
jujube,752
elbowed,500
libatory,1762
lactarium,217
dumpiness,298
jhow,481
semioxygenized,530
unpathwayed,1620
awag,1607
hersir,235
housemaid,449
ketonimine,268
subtend,284
brass,297
counterproof,1250
coemperor,280
repleviable,136
teleangiectasia,381
sandstay,229
adventurousness,347
catadioptric,193
pollution,413
overstay,1451
unmechanistic,756
hexandry,164
inhibitor,294
deificatory,428
synedrian,245
flighted,363
termitophilous,242
crush,280
heterogonism,401
necrophagan,307
mantling,294
unmade,210
prenegotiation,243
meddlesomeness,128
frot,135
populist,174
mukden,3212
progeny,2481
electroencephalograph,1096
disemplane,245
outwardness,1159
osteogangrene,3361
nonhunting,294
insuppressible,4387
kerri,263
episcopally,898
bryum,1022
cormoid,271
celastraceae,324
vacuolate,232
undecree,310
weetbird,401
sourishness,267
sist,186
butylation,161
tronador,157
legislative,243
sustainment,145
platonian,647
dryobalanops,381
mnemiopsis,384
hominy,155
demonical,154
spatter,149
cachalot,189
tetrapneumonian,155
pantascope,153
parentela,254
gothicity,423
angami,4463
dosinia,1176
epidermatic,4123
divulgement,193
urbian,243
allegoric,149
dropsywort,1224
antinationalistic,917
globulariaceae,1059
cesium,616
sabaism,671
palladodiammine,966
bewhiskered,339
pitted,1097
deorsumvergence,1856
swarm,234
urartaean,238
clericality,923
backstrip,155
coextend,1075
orlo,356
polyatomicity,146
pygal,212
chris,230
lunatum,170
sacroposterior,637
egbo,271
charier,135
artabe,133
towering,710
contraction,148
keelhaul,205
scrauchle,141
unquellable,256
catheter,1136
tetrodon,1147
unattainment,321
portionless,569
vespertide,1397
agathis,234
children,634
kornskeppur,6237
hordeum,1072
admonishment,414
unformalness,1462
atmologic,2001
helianthaceous,956
trigonometrical,761
anticrochet,332
countermount,139
tapas,1757
macrobiosis,199
urodynia,149
siphonogamic,168
meningocele,539
medialize,238
austrasian,751
sweepingness,142
reinsurance,191
shoreside,164
apprenticehood,174
johannean,160
alginuresis,317
antimalarial,129
priggism,156
mestee,149
tealery,178
mudsill,211
branchage,305
furthermore,974
apogeotropically,792
tacheless,2331
boxman,3761
halophile,260
pinchable,387
persimmon,344
socratize,131
capillarity,660
overweeningly,1507
sicklelike,259
didna,271
hypernote,220
unrefilled,337
epimeric,245
rugheaded,2240
disapostle,493
laboratorian,392
effluency,334
shrewish,157
mohawkite,181
vespina,127
grangerize,394
amalgamation,220
unexchangeable,439
attribution,493
perihelial,311
cassiepeia,621
terpeneless,134
nanpie,151
aotea,149
attercop,153
trustful,180
oneiromancy,496
neocene,163
savory,168
szekler,257
biogen,185
treachery,241
osmond,146
hiemation,208
seamlessness,298
selenograph,201
nonmathematical,229
beardlessness,150
nimbated,130
desiccate,178
balanoid,122
epimyth,154
theoanthropomorphic,324
depositum,1002
jurisprudence,185
paulinistically,194
officialty,229
donnot,198
drachma,144
pneumatogenous,158
stratagematical,184
lampmaker,144
semateme,1230
akkadist,129
extrapolate,294
monotrochous,246
viral,161
canicola,382
matricide,678
snying,1001
sneezeweed,674
touchline,216
impropriation,163
theophilist,378
mats,268
empicture,213
kinswoman,155
outdraw,213
frithborh,241
unsealable,223
sericin,142
zoogloea,143
liquidly,176
xerophobous,129
tambourer,1904
motific,8647
carayan,2223
depolishing,322
rabbiship,337
polygonia,1354
hypergeusia,3976
nonfinite,273
quercitron,1030
octacnemus,254
utick,932
overwroth,112
florally,160
dislikable,152
yarn,128
eucalyptus,172
philomathematical,114
endocrinism,311
scissoring,154
unappropriate,377
palliobranchiate,419
chordaceae,217
spirillotropic,188
metagenetic,166
unchivalry,262
piezometer,161
flareless,167
unassuming,529
whiz,211
damayanti,18243
periarthric,750
mislearn,314
unopposable,319
crotaphite,158
endostylar,1358
curassow,355
vog,141
adiantiform,838
dakhini,182
nawt,242
sheety,174
bottlemaking,344
tome,329
finitesimal,206
hypovanadic,290
congelative,232
uniquity,155
bake,383
delighted,503
unapprehendableness,151
amberiferous,344
realignment,492
palpebra,160
undissuadably,209
subrace,698
archicleistogamy,189
superexpand,171
hesperides,888
demonological,121
sordariaceae,163
graze,329
crepuscule,172
tiersman,176
jimsedge,392
unsuffocative,391
pontific,217
tarweed,268
mucorales,377
disloyal,160
amuse,139
sannoisian,145
peripetasma,158
ichnology,169
preissue,153
underbreath,293
supracargo,940
simblot,17186
comport,5282
pteroid,15267
mooing,901
transplant,414
recherche,295
romanes,795
gorgonaceous,542
entodermic,2051
bhoosa,421
leavening,241
gossipdom,427
halosphaera,1265
conspecies,1301
unbeautify,633
answerable,450
remarkableness,1169
lepidosirenoid,343
coreligionist,459
excide,229
reshoulder,254
phytosaur,550
arbitrable,164
uncollegiate,705
perigastrular,385
squashily,227
firesafety,250
disbowel,233
postcritical,201
babbler,372
esophagomalacia,184
algol,161
halurgy,237
toothaching,166
derider,329
unquiescently,193
sharpshin,200
shammy,4418
nipponium,21438
onym,3828
trunked,368
unexploited,3584
mustached,931
juha,845
chamaesiphonaceae,765
tribromophenol,275
ungripe,1591
unterribly,2869
oodles,261
unmetallurgical,663
coolingly,1436
alibi,1236
metamere,287
templeward,195
steward,159
prostate,188
volipresence,244
diprismatic,598
huggingly,153
showmanry,436
nomad,287
sceuophylacium,308
viaduct,131
fianna,163
boltel,430
noncommutative,564
preconveyal,156
glycerinize,357
resurrender,441
baboot,192
glassophone,358
january,186
brandi,220
einsteinian,324
bodenbenderite,131
telt,381
hesperia,194
retroclusion,166
decastellate,225
trachyphonia,137
uncordial,149
homostyled,132
overcrown,134
amalgamate,166
mopstick,311
autocatalytically,276
overseasoned,1033
ceticide,855
literatist,5639
overflowing,350
indocibility,240
diagredium,414
eustace,1725
arteriogram,349
midianitish,359
amra,1260
prefriendly,740
asterioid,621
contralateral,367
ministerialist,359
catocala,391
uncontroversially,266
phanerozonia,196
clubweed,365
vochysiaceae,629
epural,221
gruidae,167
apprehension,171
abscission,193
unprofanable,656
idiographic,276
bushwhack,116
recolonize,323
arcite,211
devote,230
carrytale,650
myringotome,396
diathesic,250
stiffen,200
aculeiform,329
beswitch,422
metin,166
calymene,241
bachelorly,252
gambado,126
labiduridae,141
arteriodiastasis,118
herbarial,5199
uncriticizing,4873
negrophilism,353
prastha,151
columbae,3679
wyandot,203
anakes,742
illusor,705
monopitch,502
communicating,193
dancette,686
proclaimer,322
minutary,2304
interfollicular,405
diffraction,352
languid,135
ptysmagogue,314
shale,173
sociation,497
archipallial,213
headspring,551
syncerebral,405
isochoric,253
winterlike,164
exsectile,190
aerosporin,216
internuncio,166
despisingly,292
dessil,446
gelatification,183
textilist,175
saccharoceptive,206
continence,238
zein,159
overfrighten,267
killick,172
monumentless,158
rhabdocoelous,158
astrocytoma,176
nunnishness,162
uncancellable,157
obstructedly,631
tapiridian,7586
administratorship,226
concremation,555
ruinatious,153
paleostriatum,427
podomere,8962
heminee,171
uneffectible,177
threadlet,429
unpersonableness,1586
polarize,482
yat,894
unimmediate,499
synoeciosis,1084
heliographic,2224
rheum,625
conjunctival,664
undervaluinglike,200
jimjam,317
joceline,799
charruas,337
levitator,182
fluxibleness,235
regularly,147
presentative,125
cornhusk,129
octogamy,246
unspiteful,904
collinal,162
xenomorpha,190
mobproof,208
surcharger,176
unpeered,361
nonemploying,400
gelidium,343
clinandria,143
oatland,252
interschool,153
undegrading,222
gastric,141
presentor,228
if,264
protutor,142
eugeny,1868
thesean,5448
daintiness,152
turcic,18821
outsay,857
geoteuthis,210
doko,1965
corticose,6932
neurone,1523
philharmonic,204
hoosierdom,1706
paledness,191
evacuant,189
corticoafferent,621
bihai,712
perilymphatic,391
campanist,747
dumping,321
inviolate,1373
retying,377
tunisian,155
producted,383
protospondyli,206
abbotship,145
solecistical,133
antonymous,423
mamercus,156
underpetticoated,184
bottommost,359
teenty,144
cornice,471
oes,145
unthoughtful,222
berchemia,304
jettied,333
livingstoneite,167
surnamer,212
benzene,215
favorer,164
cohoba,135
vellon,237
unhandled,139
counterinsult,147
perversive,135
anaerobation,9395
postmillenarian,508
harmost,752
tridecilateral,148
corse,2842
accommodateness,141
osone,831
flowerwork,1187
unreverting,156
truttaceous,315
alsophila,426
encyst,632
pyramid,1706
acrocera,2644
veratralbine,325
dekapode,134
speechfulness,1935
enteromyiasis,170
trickery,207
matty,350
overharsh,194
gasterosteiform,154
echimys,527
strophomenoid,487
unprospected,320
kansan,480
simmeringly,422
christianism,191
centesimation,318
contradiscriminate,179
morphonomic,209
kinderhook,195
overstream,280
hierosolymite,241
mesion,146
lymphopenial,7507
hemicranic,606
countrified,849
ramuliferous,262
mesem,4473
denticulation,839
catocathartic,695
chebulinic,408
noneffervescent,520
ascript,351
dentonasal,795
coprophagia,228
cosmocratic,889
pervicaciously,490
structure,225
subequal,647
immensurate,250
interfulgent,559
mythopoeism,792
rishi,204
puffingly,173
play,140
flabellifoliate,218
supragovernmental,198
predicamentally,209
cimicoid,160
sanford,173
amidase,313
playsomely,250
amphisbaena,178
doppler,147
jeffersonian,468
loxodromical,439
amnesty,914
unthoughted,696
microtinae,1219
conemaugh,517
cladoniaceae,244
atrocity,198
physiopathological,312
paleencephalon,2794
americanoid,2047
deintellectualization,320
herile,1559
unpropelled,211
paradromic,182
condylopodous,231
flightshot,344
decussation,157
corroder,174
outsting,621
foiling,529
crotalidae,375
inartificiality,185
tarantulid,126
pyramidellid,165
jeopardous,202
incorrupted,382
kottigite,495
constructional,275
operable,137
physiogeny,177
boomless,167
meromyaria,223
monophagism,215
overbear,287
bingo,184
vamoose,231
restiaceae,297
nuphar,152
canajong,156
protagonist,197
flout,145
unproportionality,144
archfiend,403
omegoid,1265
pedelion,2265
goffle,1147
pedality,749
gawkiness,191
abelmoschus,173
pampero,4944
replume,748
interaulic,211
discoursiveness,264
dentiferous,397
recruity,718
verst,212
thridacium,604
hemozoon,212
childishly,2307
chakar,164
pansexualize,406
peridotite,431
salivator,179
luperci,141
chlorophenol,183
interwish,175
gnathopodite,145
semishirker,429
unquestionate,336
pseudocyesis,247
soget,745
schizogony,923
spurl,210
unknitting,242
tad,193
charer,132
scotchery,187
syncopation,315
plastochondria,177
reconsecration,176
omentulum,233
macroergate,279
cyrus,127
hydroscopicity,18017
polverine,172
repercept,154
curativeness,154
bebrave,2023
slump,4343
preen,1250
hotelward,2071
avidiously,376
quincubital,1136
metanym,5543
arboricole,363
proracing,1117
actinopteran,168
intentionality,232
claval,937
unkindredly,469
pseudoelectoral,146
collared,152
tana,358
nonability,378
cancerism,234
electrostatically,370
cobberer,281
scummer,135
unwarm,175
hemibasidium,193
eleusinion,190
pelicanry,168
odontaspididae,192
ultraenergetic,137
palaeichthyic,552
stereometer,140
cot,322
babylike,138
blockbuster,2069
glyconic,357
piperazin,227
geoblast,208
nitently,515
summerlay,1885
imperceptibleness,1049
supercanopy,1365
unfairly,332
enclitic,292
unbedewed,285
semifascia,668
itoubou,622
emanationist,174
purveyoress,131
ametabolia,149
muruxi,165
utilizer,528
unquietable,340
flob,542
dihydronaphthalene,320
monimiaceae,318
charmedly,237
specks,188
retrotracheal,188
disruptment,169
unexultant,779
thunderless,15919
underdrain,36654
dissolutely,276
narine,2004
visa,1140
constructionism,145
rapier,2404
ileocaecal,510
delusively,788
palpigerous,123
sunup,276
limacel,318
enfuddle,253
mossery,141
unwarbled,218
colorableness,176
minion,165
devirilize,1334
paunchy,250
saltatorian,176
nonconversable,153
aminoplastic,371
cymiferous,276
prehallux,354
irritableness,148
oophorostomy,358
acalycinous,123
staling,173
pyrenochaeta,174
salsilla,163
supertragic,319
waxweed,173
nonretractation,178
tautosyllabic,234
urine,169
fettler,253
pneumotherapeutics,483
coercibleness,171
algerine,208
xyletic,322
eduskunta,165
nonuniformity,13553
transhumanation,212
rathely,198
unskirted,726
buttony,1236
havaiki,946
courante,379
pedestrially,564
epiplastron,245
another,813
bookshop,211
macrodontism,1178
unreworded,568
nordicization,369
intercarotid,201
nagor,895
cotinga,221
incurse,458
tubolabellate,190
unframable,150
mana,148
membranula,202
pim,555
inblowing,186
grandisonant,163
counterflow,397
tetrevangelium,188
acetochloral,163
conformability,311
talaria,145
crawthumper,218
protestantly,209
infecund,146
partiary,419
grossness,303
cookshop,222
plutonion,242
rotational,172
gonocalycine,149
feelinglessly,239
arake,138
tripemonger,52805
shrip,62022
extrascripturality,1661
cortex,289
housatonic,2681
pentachloride,2705
ungrazed,805
laterad,1262
athenian,179
semiarch,583
repaper,804
chude,181
dispersoid,360
stagworm,495
autobiographic,539
eumycetes,377
fringilliformes,190
acetotoluide,607
manticore,201
helver,140
preabundance,313
eatberry,219
intranidal,337
aryanize,252
antemeridian,503
hoistman,200
sarcoptid,156
cyclopia,666
begaud,225
stellate,134
enthral,135
intermundial,206
remijia,129
omnipresent,248
forbear,178
sooterkin,247
disquiet,149
cowperitis,144
his,146
threskiornithidae,256
byeworkman,149
homily,277
pubiotomy,153
setous,257
histogenous,145
typicality,143
forficated,164
emprosthotonos,1004
epimere,3551
cephalotripsy,596
befavor,1072
kamba,248
fizzle,255
message,371
hackle,444
reaccess,1337
palaihnihan,672
nebelist,720
rhinolaryngology,152
makeshift,155
outslink,162
lunulites,139
conchiferous,362
iridical,347
chuter,238
shallowbrained,457
evidently,261
hemol,227
milammeter,148
apostolici,453
rublis,324
togata,163
anteriorness,158
genion,201
antiabolitionist,124
anyway,243
subcarbureted,136
synanthema,165
havener,142
harlotry,152
lupulin,189
limbic,427
elution,1768
engraulis,9002
methylethylacetic,2893
impalatable,258
microcrystallogeny,356
authoritarianism,3836
curatorship,1076
bataleur,407
undecatoic,1995
unreprovably,524
untrotted,235
pathan,339
calystegia,334
inauthoritativeness,880
untown,360
sappiness,206
sleeveboard,372
homeridae,154
agrope,145
cinnoline,258
gartering,690
honk,150
interplication,158
solidarist,243
grabble,282
laniiform,947
miff,460
crookedly,315
proportionate,231
hemometry,412
noncensus,196
undying,239
spillikin,249
hypoxanthic,130
servantess,166
revertibility,207
exceed,136
atrail,172
hemiascomycetes,185
contrail,158
transmigrationism,243
teacherly,199
nervimuscular,179
smaragdite,164
achroite,193
crankman,1176
farmy,1200
heterochromia,268
albatross,2585
towny,987
subsyndicate,954
kukuruku,1687
annabergite,193
anticomplex,229
hawky,987
darsonval,143
steading,2221
ygapo,2020
volumometer,138
larkishness,805
inelaborately,388
guara,398
unrented,2689
unshocked,1697
aspergill,776
poculiform,528
silvertip,298
podiatry,187
fumacious,1228
bestowment,152
ammophilous,191
pearlike,157
insolency,148
forehill,180
undershrubbiness,497
pseudoblepsia,253
altropathy,353
heterotaxis,201
psychorhythmia,286
phragmites,267
puncturer,162
sepiola,265
savioress,266
imagine,151
filibranchiate,378
stretcherman,9434
overhardy,4347
autotoxaemia,1264
declared,410
flushness,2271
pelotherapy,217
dallying,286
sunni,312
romaine,1406
genty,147
acrocephalia,772
athyroid,1409
shrubbish,349
gallycrow,346
tropidoleptus,276
threaper,1148
glycolipine,306
tendosynovitis,207
mathetic,157
pedicellus,236
remotion,299
eskimauan,465
jenkin,241
ichnological,131
ascula,556
oleographer,190
emilia,139
butyrone,188
breathless,268
fossarian,210
dispart,201
methene,159
sam,157
lonely,190
hatband,156
boree,145
swishy,129
otherworld,131
gravestone,177
countship,1081
skidi,510
magnetophonograph,2086
taxer,220
deadishness,206
parapteral,669
vallota,229
toadyish,191
overtrailed,257
gourmander,357
kend,193
sulphonephthalein,434
broach,296
blackheart,179
villagey,534
annulate,298
nontheological,141
crotchety,130
infinitude,380
taupou,330
microzymian,257
quinquennialist,129
limitrophe,213
watchfulness,532
exiguity,216
gonoblast,210
brought,196
reversability,341
hemostatic,173
cliquedom,276
unswung,162
changer,281
slagger,184
placableness,31942
pithecological,434
treasonous,162
chronoscopically,10059
mithratic,335
kalwar,2972
czarish,391
eater,147
brahminism,326
durableness,1867
tuberculocele,1256
alternisepalous,423
waiterhood,158
clydesider,635
optimate,218
fourther,238
avariciously,188
conoid,359
banc,178
phyllanthus,372
heterodoxal,287
thyroparathyroidectomize,170
talionic,228
lactobacillus,306
outwake,987
scarf,181
thrombophlebitis,154
uranographer,210
monanday,131
limulidae,168
antonio,169
piecemaker,167
nonjurying,184
eradicatory,176
potbellied,310
jivaroan,190
coverside,216
scalableness,230
interpret,193
underclift,126
seismology,162
unshawl,124
preadjournment,141
pneumopleuritis,380
irrefutable,105636
pandora,248
anterosuperior,347
vassaldom,127
befouler,10412
spillet,781
raveling,1166
bergsonism,162
lancepesade,1291
renewal,463
steenbok,649
astronomical,1140
arched,322
alecize,315
churching,430
reward,306
opisthodetic,231
worrywart,329
larvalia,348
sulkily,353
imbosom,223
anisostemonous,189
apetalae,372
laudability,468
melinis,133
unprecludible,259
preannounce,164
tank,153
damselhood,641
cloudland,163
italianate,204
countercouchant,155
sylvan,115
organonomy,247
galenobismutite,309
centrically,155
okapia,141
plauenite,165
palaeocrystalline,162
anythingarianism,158
unstatable,153
artocarpus,721
taenioglossate,272
hoseman,349
prereduction,4593
postsaccular,195
trioleic,233
herbary,134
scrofulorachitic,978
idylism,1932
insincerity,1051
afterblow,767
hyperintellectual,149
restyle,597
kingdomful,205
spelk,342
parished,260
paraspotter,183
arrastre,186
unenergetic,771
thigmotropic,399
elaboration,251
intercom,410
stowwood,175
fainter,548
hyperlogical,133
disheartener,811
senusism,247
ectobronchium,162
renverse,209
holmgang,315
cointension,184
alamodality,386
alodium,151
punicin,568
petwood,209
bobolink,144
foresightful,143
indeterminably,424
uninnocent,216
aeluroid,169
patmian,161
romanceless,300
annunciation,156
kieselguhr,167
peristaltic,144
dismissable,192
temperamentally,158
orchidoptosis,233
metepisternal,291
discolichen,695
unteasled,678
moellon,1582
ethan,2491
barwal,324
tripartible,519
comburent,345
squamomastoid,2556
letterhead,320
supermuscan,152
unnobilitated,155
insomnolency,1009
glossate,734
ripidolite,261
feoffee,237
connubially,1164
stathmoi,491
conner,660
uncanonic,709
thulium,2367
prelatry,535
hipwort,240
queenlet,179
phonophoric,271
serpula,251
flauntiness,164
coelelminthes,312
typhlocele,444
examinership,139
subagency,180
frigidly,533
sirian,140
sluggardness,257
pisky,135
trocheeize,342
ventilator,145
alabastron,137
impoliteness,365
unona,142
indexless,200
shetlandic,253
carbine,161
ringable,152
icecraft,148
injure,683
uncatechized,503
pathogenesy,156
theriaca,166
mozing,164
cryptamnesic,142
epeirogenesis,160
nonexpansive,95953
leucoplast,1348
bilamellate,1603
mudcap,207
gee,914
plumpish,196
alveolites,3955
blithelike,168
antagonistical,984
depicter,282
hyrcanian,403
nasobuccal,207
bayoneted,189
resistability,802
toy,156
azerbaijanese,157
unantagonistic,1096
dispensative,434
salmon,342
psittacinite,1809
unsententious,1027
hyposcope,194
repellingly,266
cerolite,257
baginda,184
sciotherically,337
pomeridian,247
taich,369
monomorphic,213
debile,183
val,176
discriminantal,137
orthostyle,221
altamira,199
disenfranchisement,115
sulphocarbolate,181
historionomer,248
shudderiness,141
superjacent,470
coumaran,55498
myxaemia,469
carpodetus,240
amphicarpous,1873
chiefest,1411
nonconfederate,122
thyroidea,967
swish,145
dhai,278
whitebait,175
contrarevolutionary,808
perineorrhaphy,556
cunicular,257
randannite,235
overemphasize,393
distillmint,171
undisguise,213
adelpholite,153
nonproficiency,155
yezzy,188
thlipsis,268
prebenefit,184
unclutch,274
papolater,182
cerata,156
argel,121
nonexaction,139
abortifacient,136
dirgler,195
unretiring,152
interlineal,261
revivability,193
sylphic,153
monial,462
lophophoral,6823
unhap,206
postcerebellar,6046
dustbox,1788
outcarol,373
rhizophyte,282
mutant,264
cladodontidae,122
panophobia,3643
electrotherapist,575
jerksome,126
fou,1748
tavernize,144
addable,924
postvenereal,1352
excitator,358
acroataxia,298
extraduction,132
elle,160
porencephaly,222
unfidelity,463
chincha,139
thereof,348
spectacle,372
scripturism,339
legend,346
bitubercular,255
neosalvarsan,158
manikin,480
ardella,159
postmalarial,218
griffon,144
oreotrochilus,187
statequake,268
unconciliating,528
coffeeweed,139
charon,244
cyst,231
unimpearled,402
icica,127
undisparity,377
polypous,1035
rectocystotomy,2875
outweapon,333
kayan,298
peltigerine,433
glycogenic,468
deliberately,522
misendeavor,545
corodiastasis,209
humboldtine,1504
ammonoidea,257
quotiety,379
joanna,590
thyrsus,195
unrestfully,755
calorescence,748
polyglossary,744
rohun,303
undespondently,168
null,967
dictionary,140
poculary,265
thiobacteriales,487
meninting,495
submitter,182
cubital,1581
lecaniid,442
gasteropod,236
vanessian,371
tayassu,159
quintuplication,190
undeserver,317
crocheter,134
apocrisiary,194
alleyite,139
sketching,128
semicurvilinear,145
skiameter,158
stalwartize,206
suasible,494
rier,163
diapering,1001
forehand,2368
unquittable,405
pavilion,195
overmast,718
crotaphitic,218
goadster,361
gibelite,148
gonfanon,378
laughingstock,232
predetain,173
extol,361
pyrrodiazole,221
poetic,154
romanticness,232
copetitioner,173
stickweed,133
nontutorial,335
seminonsensical,189
carvacryl,3100
stylite,308
neglectedness,3786
prediatory,201
rhineland,919
latherwort,338
excretal,992
symmelus,129
polyphonia,283
polyborine,150
pterocarya,231
parpal,181
undignifiedness,577
protoperlaria,155
cuspate,303
suprarimal,216
catdom,249
subarchitect,497
postacetabular,190
irradiant,141
sodalithite,195
superformal,379
galactosis,1053038
curiousness,25002
palmitate,207
obstructiveness,204
selenian,235
bigot,715
baffle,206
metusia,192
noncommunicating,182
miconia,140
gynecomazia,209
bruiter,432
ooplasm,587
molluginaceae,394
commerciable,349
pyruvate,667
hypochordal,282
tardily,151
confessor,267
bootlick,262
textualist,220
inbirth,284
notogaea,267
obvertend,217
extraovate,157
overnationalization,192
septemviri,155
saturation,239
stich,172
precisely,549
amuletic,151
mebsuta,187
hoseless,202
cassegrainian,229
terebilic,150
fleshhook,201
eliquation,169
cacosplanchnia,130
sirree,218
disentanglement,213
proselytical,181
acoelomate,1105
myosarcoma,718
diporpa,31227
reflectionless,2906
undrawn,181
teer,1164
subiodide,3448
smokestack,625
secondhandedness,174
nheengatu,774
katalase,617
macromethod,471
enhypostatic,711
subversal,1441
ragfish,402
omnivalent,335
dwarfy,215
voided,202
sulcomarginal,463
bargeman,301
sacrificer,371
umbilically,899
unmottled,418
crepitate,148
atka,329
afterlove,518
heavenful,310
lissoflagellata,158
fleshed,221
untransposed,159
antidotical,152
prevalid,142
perturbatrix,212
longways,163
outspurt,232
winrace,198
trumpetless,321
solutional,179
anfracture,166
extremism,149
icosandria,152
uncelestialized,147
northward,122
postparotid,154
neuroanatomy,153
toxalbumose,264
which,154
enterochlorophyll,244
concurringly,1064
rearwardly,280
herderite,3705
unbelt,150
sparked,256
pseudomodest,2494
dactylorhiza,143
coburghership,248
creatorship,215
sulphosalicylic,403
halopsyche,198
antiritual,626
ureterodialysis,145
antithermic,310
isomelamine,437
rough,175
triakistetrahedron,239
totyman,272
catamenial,488
anthraconite,144
swing,217
disenjoyment,174
refling,305
slabbed,176
anilla,152
consultor,170
cissampelos,160
denitrificant,194
palladion,150
unchawed,138
agamic,150
prepaleolithic,143
teetan,829
pailou,3347
thecata,284
proconsular,14118
liberalize,2611
sensifacient,979
rumorer,176
unavowableness,1046
transvectant,447
sternotracheal,997
epiphytal,3101
bucorvus,137
utriculiform,2011
outcity,258
dawsonia,513
marcasitic,2056
prepositorial,1379
semiopened,328
hypercoagulability,139
sibilance,355
cochal,1787
dolcan,242
excriminate,465
related,205
semiundressed,279
getup,185
sado,348
antimartyr,402
allophone,317
hegumene,319
engelmannia,278
instituter,249
inflorescence,151
fumously,159
unsecuredness,141
escobadura,289
homodoxian,315
baldness,262
saco,269
prevoyant,302
peat,331
pastrami,212
snubbish,147
todayish,220
ecclesiast,191
richesse,163
neuterness,158
coemption,150
